,",",de,.,y,que,la,a,el,en,no,--,se,los,con,su,por,las,un,...,lo,del,me,;,le,al,una,más,para,como,?,es,!,si,yo,pero,:,mi,era,sus,había,o,ya,sin,ni,todo,»,usted,tan,«,muy,te,ella,cuando,él,ha,porque,bien,qué,dijo,pues,esta,casa,ser,dos,hasta,esto,doña,este,estaba,d.,sobre,nada,tenía,nos,aquel,así,sí,todos,he,....,mí,después,aquí,también,dios,hay,aquella,tú,fue,poco,entre,está,vez,mismo,donde,mucho,mujer,día,ver,don,tal,aunque,sino,otra,otro,quien,vida,padre,menos,allí,ahora,hombre,fin,señora,algo,siempre,eso,toda,ojos,tiene,tiempo,¿qué,desde,cual,señor,tu,gran,hacer,todas,alma,cosas,antes,son,decir,tanto,sólo,noche,mundo,mal,mis,cabeza,cosa,mano,sé,amor,les,entonces,iba,parece,puede,mejor,eran,uno,han,luz,tres,parte,años,veces,ese,aún,casi,habían,mil,podía,tengo,modo,días,¡qué,calle,luego,hecho,estas,parecía,cada,dicho,¿y,otros,pronto,manos,nadie,hija,dar,nunca,sido,otras,fortunata,esa,decía,hace,mayor,voz,buen,verdad,hizo,alguna,hacía,medio,e,ellos,cómo,puerta,allá,estos,va,hacia,misma,buena,madre,marido,cara,hubiera,contra,persona,sea,corazón,mañana,quiero,fuera,estoy,¿no,hoy,punto,soy,cierto,cuanto,tener,pobre,digo,amigo,idea,mientras,algún,gente,cuerpo,voy,santa,visto,dice,ir,caso,palabras,sabe,duda,madrid,salir,espíritu,tarde,lado,ti,dio,hombres,algunos,has,aquellos,saber,boca,hijo,daba,dinero,tierra,unos,quiere,quería,haber,jacinta,hablar,grande,cuatro,(,),juan,personas,cielo,mujeres,bueno,vamos,lucía,dado,lupe,además,solo,dentro,según,familia,falta,joven,agua,estado,palabra,sabía,sería,aun,nuestro,tío,da,nuestra,san,fuese,juanita,puedo,vista,estaban,paso,hora,muerte,algunas,morsamor,volvió,demás,tuvo,apenas,muchos,momento,exclamó,ellas,puso,creo,cuarto,estar,vio,nosotros,¡ay,manera,ama,mía,paco,razón,lugar,gusto,rostro,cuenta,nombre,pesar,mío,fuerza,ello,grandes,inés,unas,están,diciendo,vino,esos,conde,tienes,mala,camino,niña,horas,sola,poder,último,nuevo,durante,delante,pasar,¿por,pudo,será,debe,*,propio,veía,primera,pie,suelo,esas,ahí,eres,muchas,tía,entrar,aquellas,bajo,cruz,mas,puesto,pueblo,instante,tales,todavía,sr.,quién,entró,ustedes,dónde,julián,pepita,hubo,ninguna,rato,haciendo,contestó,mesa,viene,brazos,bastante,mucha,mira,tampoco,dije,poner,señorita,diez,tenido,primero,debía,¿cómo,marqués,amiga,jamás,sol,ideas,vivir,sangre,¡ah,rey,hemos,salió,hermano,aire,andrés,españa,pasado,media,ante,luis,miedo,conversación,veo,tomar,ve,niño,volver,llegar,posible,lejos,papel,frente,dando,amigos,¿pero,cierta,tienen,ido,carta,quiso,historia,tenían,tanta,efecto,preciso,nela,pablo,suerte,santo,fueron,aquello,cerca,estás,conmigo,mente,quedó,llegó,claro,cuya,edad,¡y,guillermina,trabajo,brazo,añadió,pedro,pocos,embargo,año,iban,amparo,causa,orden,propia,gracia,vi,natural,labios,vaya,chico,conciencia,rubín,llevaba,oír,¡oh,benina,preguntó,pensaba,primer,comer,fuerte,ningún,sentía,estuvo,maxi,cuyo,fondo,naturaleza,reales,pensamiento,gracias,ocasión,voluntad,mar,tus,maximiliano,fuego,empezó,rafaela,van,pecho,ambos,siguiente,obra,sabes,general,cuales,hermana,dicen,flores,oro,habría,venía,replicó,señores,seguro,semejante,pasaba,hijos,sitio,cinco,oído,pasó,pies,sala,cualquier,venir,mamá,pensar,caballero,dejó,arte,acaso,viejo,amo,dama,largo,beatriz,quiera,junto,¿quién,objeto,médico,silencio,venido,virtud,miraba,pasa,tono,triste,creía,sueño,atención,nueva,cama,podría,ropa,condesa,creer,carácter,andar,real,acisclo,cuidado,ponía,muerto,rosalía,deseo,iglesia,menor,bringas,alto,caer,haya,dolor,moreno,sintió,darle,valor,hacen,alguno,ciencia,llama,acá,alta,forma,paz,seis,llevar,hermosa,tenemos,vestido,sentido,viendo,maría,nuestros,¿a,abajo,vivo,segunda,tras,hermosura,cabo,meses,¡si,mirar,infeliz,guerra,braulio,figura,querido,muchacha,vd,dulce,sentir,miranda,mirada,mirando,respeto,fortuna,negro,suyo,quieres,curiosidad,arriba,miguel,libre,único,gloria,moral,situación,culpa,par,gana,pobres,adelante,expresión,salía,siquiera,alegría,contrario,harto,risa,buenas,amaranta,cariño,ciego,_la,esposa,miró,pueden,malo,fe,casas,señoras,memoria,cambio,dejar,señorito,hubiese,hablaba,lengua,habrá,pasos,virgen,cocina,chica,traje,extremo,buenos,peor,propósito,obstante,larga,suma,dan,príncipe,pena,querer,lágrimas,realidad,café,principio,plaza,escalera,ruido,sociedad,grave,franceses,color,suya,dejaba,difícil,solía,ven,importa,costumbre,campo,os,tiburcio,fray,tertulia,humana,vuelta,echó,queda,quizás,encima,fácil,baja,interior,vergüenza,ánimo,cura,asunto,lleno,estamos,enfermo,noches,confianza,política,dedos,derecho,fraile,cualquiera,clase,perdido,llegado,pudiera,tantos,orgullo,niños,quisiera,imaginación,ciudad,remedio,recuerdo,imposible,capaz,sobrino,siendo,pelo,libros,calor,pan,vale,hablando,centro,frío,respondió,nucha,artegui,partes,anda,varias,ayer,tiempos,menester,favor,habló,calles,esperanza,presencia,amistad,viuda,humano,pocas,ambas,diré,barbarita,verás,siseta,tomó,ciertas,verdadero,castillo,mauricia,corte,pensó,terrible,país,parecían,siguió,libro,estilo,sombra,interés,siete,paciencia,llaman,público,trato,dicha,carne,escribir,alegre,principal,compañía,segundo,vivía,francisco,tantas,izquierdo,murmuró,movimiento,¿de,lástima,pensamientos,pareció,ganas,llena,viva,salud,libertad,echar,jaime,paseo,ángel,verle,debo,ocho,rico,tenga,morir,detrás,lleva,pone,verla,imagen,josé,noble,juana,sombrero,reina,blanca,peligro,andaba,portal,joaquín,loco,habla,podían,mes,vea,río,entraba,sentimiento,gusta,perder,pasión,piedra,número,mitad,busca,armas,ves,seguir,tienda,escena,dejando,igual,vuelto,vas,miradas,oyó,llamaba,faltaba,habitación,atrás,doce,cuantos,duros,sacar,pedir,ejemplo,hallaba,gobierno,golpe,hacían,teatro,coche,reír,poeta,venga,puro,tristeza,motivo,mozo,siglo,francia,pez,pañuelo,alcoba,alguien,poldy,sentimientos,damas,capellán,seda,viaje,criada,necesidad,presente,_,firme,visita,ninguno,abrió,carlos,obras,superior,cerebro,entusiasmo,diga,honor,palacio,usía,cuello,diablo,siento,veinte,desgracia,repente,especie,religión,noticia,afecto,blanco,acción,varios,opinión,subir,vueltas,éste,derecha,decirle,capitán,cayó,patio,¡vaya,noticias,manolita,correr,misa,género,seguía,conozco,salido,ley,pensando,feliz,ambrosio,criatura,caído,contar,antiguo,medios,oía,primeros,parecer,sale,daban,temor,patria,podido,extraño,¿te,elegante,secreto,primitivo,haga,caballo,leer,llamar,condición,poca,hechos,quienes,basta,conocía,entendimiento,buscar
Fortunata y Jacinta,29501,18177,18803,12905,15545,14470,9826,7871,7554,7478,5729,6158,3918,4603,3997,3505,3718,3744,6631,3992,2307,3090,2574,4007,2295,2861,2324,2236,2275,2465,2216,2433,1924,1680,1861,1168,794,1650,1040,1391,976,1161,858,727,896,2394,1611,1024,2420,1215,1365,1070,1076,874,761,1089,883,1014,1073,823,868,832,516,655,439,742,709,647,856,395,487,684,764,330,724,413,735,396,516,1,494,621,524,460,434,544,662,558,567,512,343,538,364,420,216,512,542,519,554,74,411,275,227,623,448,331,404,96,270,359,472,479,407,470,447,409,440,356,333,417,354,365,263,295,242,287,314,368,293,309,409,250,248,413,334,202,377,278,284,107,441,383,315,300,153,316,161,373,293,239,281,296,258,183,99,225,232,171,211,225,123,130,180,153,283,307,180,247,398,423,229,254,269,318,199,236,250,133,235,217,159,229,236,230,201,186,860,285,337,237,158,213,186,222,225,167,272,165,65,131,239,277,223,198,254,175,177,239,134,303,329,146,131,182,161,173,261,235,256,229,154,176,132,200,132,130,205,193,255,185,302,132,128,133,145,229,392,192,175,161,198,190,190,123,142,183,94,181,144,171,190,88,108,184,156,163,190,220,221,143,43,138,190,226,96,562,152,153,140,158,157,309,149,86,123,187,186,3,138,520,52,72,156,63,173,132,177,113,128,154,178,88,100,36,45,161,34,109,58,0,114,70,151,110,136,81,137,0,191,92,154,70,112,128,80,99,196,107,149,140,206,44,175,154,60,117,4,119,30,111,47,138,82,50,125,91,81,88,0,117,102,163,81,94,2,166,181,78,80,91,109,68,71,65,73,141,118,81,134,88,88,15,92,122,99,78,97,134,121,116,109,306,148,132,70,274,96,119,75,112,63,94,53,111,195,75,142,0,0,71,115,161,128,37,141,119,92,81,113,148,82,71,112,69,98,90,110,102,77,39,159,35,52,159,94,67,177,29,68,145,109,81,10,27,115,93,69,5,118,93,103,122,92,140,110,86,83,51,77,79,139,113,164,76,70,175,28,77,76,114,95,58,111,0,144,46,61,71,126,67,127,82,79,84,91,93,46,42,120,319,97,99,54,16,29,22,84,94,10,48,74,58,102,78,51,69,153,176,103,311,87,97,60,0,90,116,62,108,94,79,122,148,303,38,36,57,76,98,65,45,39,42,56,293,33,114,24,71,69,64,91,77,82,29,52,73,57,32,48,131,83,129,41,34,66,113,68,44,81,75,112,47,115,81,81,102,73,45,80,48,15,48,22,59,61,2,84,92,48,33,50,50,57,34,111,73,80,52,76,79,67,59,105,77,119,0,64,47,52,42,0,78,113,43,0,43,69,20,4,34,58,42,53,135,100,70,47,68,41,26,49,64,47,39,50,42,69,34,58,47,51,85,33,20,88,77,57,106,73,31,26,65,102,81,90,24,0,39,43,13,0,31,42,1,63,109,48,21,66,55,91,68,81,12,37,61,33,64,66,52,44,72,32,48,65,78,61,64,36,11,63,67,0,70,26,66,82,93,39,84,50,62,83,61,31,54,36,15,63,49,54,78,53,74,94,18,27,50,69,19,12,26,13,57,12,59,86,43,50,119,47,64,79,55,53,37,5,56,56,53,47,52,56,68,45,35,31,0,2,48,44,68,81,33,81,68,41,47,45,44,47,58,46,34,62,60,55,48,42,58,56,3,32,53,55,36,53,49,26,63,68,30,10,86,28,31,28,92,38,59,31,51,40,57,58,18,51,26,0,0,22,45,27,62,58,10,37,54,38,18,26,27,79,27,30,47,58,189,75,0,48,68,62,8,188,20,77,17,34,51,62,23,31,27,47,44,56,47,52,33,26,55,27,27,41,32,51,49,20,51,145,34,36,55,77,28,42,92,43,32,35,38,59,3,48,71,59,28,28,33,47,28,56,40,47,70,25,82,20,3,52,8,26,18,39,38,12,47,32,37,43,53,29,79,50,75,38,31,33,31,42,40,11,48,33,101,24,40,30,45,61,64,54,33,51,36,52,53,17,45,47,38,28,16,34,43,41,30,52,68,9,56,32,46,33,20,21,18,27,69,97,42,0,44,28,24,26,18,44,36,26,52,23,61,33,39,12,38,28,58,32,47,49,8,1,31,12,38,32,27,61,18,39,39,11,32,23,20,37,42,60,7,46,59,1,46,41,69,34,13,39,49,37,48,34,36,51,60,52,0,35,41,49,19,24,42,33,33,56,42,27,20,23,13,53,22,24,9,37,17,34,49,19,45,41,24,36,44,24,29
Gerona,5134,2944,2425,2135,2130,1937,1577,1282,1327,1009,905,752,986,698,417,569,551,517,214,423,423,613,453,220,485,320,314,383,246,341,223,271,220,340,309,284,329,155,216,148,102,144,172,157,158,84,77,129,84,72,106,62,155,77,151,117,60,105,137,103,130,134,56,83,76,99,13,99,70,183,98,119,69,274,77,71,71,125,87,0,122,100,114,78,68,61,54,51,65,77,81,101,34,85,103,45,9,69,91,11,46,52,47,46,64,47,61,37,42,88,68,55,63,74,52,25,31,53,74,40,43,54,73,61,55,35,77,41,49,40,13,35,28,44,39,0,47,20,29,86,43,41,40,37,6,88,40,31,47,32,35,31,49,69,26,47,58,20,20,31,30,18,42,61,38,35,37,57,50,65,62,34,40,26,35,32,33,40,36,53,26,115,28,13,26,11,0,30,28,26,28,24,34,20,28,39,13,37,21,48,48,31,31,52,35,39,22,25,9,0,17,11,37,16,24,22,48,29,28,34,15,33,38,16,22,16,19,40,17,51,11,30,23,40,40,31,20,30,17,21,15,32,13,20,4,27,28,22,34,7,26,47,53,23,28,19,21,8,23,8,37,47,11,19,26,0,15,28,18,7,7,6,10,27,10,12,16,9,15,0,16,62,43,16,11,20,3,20,27,14,10,9,16,26,2,12,37,32,5,0,29,32,21,20,22,33,24,0,11,30,11,11,26,23,17,8,18,19,8,12,9,59,36,13,7,38,2,11,12,9,9,12,7,16,39,29,13,24,6,14,36,30,21,18,2,9,7,16,11,20,18,24,21,17,26,37,14,17,7,14,5,15,11,6,12,29,47,8,28,12,11,2,23,19,16,4,14,18,18,27,11,10,83,4,14,26,24,0,0,7,21,24,21,17,4,15,34,16,16,13,15,56,21,22,20,13,4,8,15,1,10,13,7,7,15,22,4,8,19,10,24,12,112,28,12,11,16,1,41,5,13,19,12,17,11,11,25,11,9,12,10,19,8,10,11,17,3,22,11,19,19,11,30,0,103,12,10,11,12,8,13,13,6,13,15,3,19,4,4,0,8,26,11,6,20,6,13,16,1,17,13,16,4,46,6,7,4,17,8,0,12,12,24,0,9,2,13,41,22,13,7,6,0,10,14,18,8,4,13,6,1,8,16,0,34,12,0,18,16,7,14,5,16,26,19,32,15,1,4,12,12,0,18,7,6,7,19,36,6,10,12,8,12,8,10,0,4,6,5,5,4,5,14,4,26,0,5,31,1,18,21,17,15,2,11,8,4,11,5,9,7,7,18,6,2,9,13,5,13,4,0,12,3,28,0,7,2,4,0,9,16,15,10,0,2,7,7,6,18,3,7,20,8,7,7,9,16,4,18,8,7,10,4,19,8,14,13,5,12,2,5,16,13,8,15,36,0,7,7,11,0,11,5,0,4,11,2,6,7,1,6,2,18,1,9,6,10,9,19,3,12,10,13,17,13,1,5,17,2,6,6,4,4,4,3,2,3,3,9,7,0,18,7,4,5,5,0,4,10,11,8,6,5,11,3,0,6,10,6,5,0,5,8,13,0,10,3,13,3,0,7,48,15,29,0,5,81,4,4,10,16,2,10,7,4,14,19,0,0,2,5,2,4,6,1,20,7,5,7,3,17,2,0,6,17,26,6,3,2,8,5,7,0,10,11,6,5,12,9,10,9,3,44,3,6,7,6,3,3,3,13,1,29,5,11,5,4,10,0,0,11,5,12,14,6,1,3,10,15,7,9,2,0,9,7,6,6,0,11,189,2,1,3,15,0,0,0,11,6,12,2,5,4,10,3,15,9,2,0,2,2,21,2,4,4,4,5,5,7,2,1,0,14,8,11,2,10,1,10,8,15,7,4,1,3,3,4,6,13,1,3,20,14,8,6,3,3,2,3,1,3,2,2,9,4,2,0,9,2,9,8,4,7,3,14,2,5,3,7,11,4,10,14,12,11,2,2,8,9,8,6,4,6,4,8,8,11,2,8,0,4,3,5,2,5,6,5,0,9,2,0,3,3,3,2,1,7,34,1,2,1,3,0,3,2,0,3,14,5,4,2,6,4,3,11,6,3,5,9,11,5,1,9,2,6,5,3,4,7,9,3,0,4,9,0,3,4,8,2,10,10,0,6,2,9,8,26,3,9,0,9,0,2,6,3,7,3,1,1,0,5,9,6,3,7,8,9,2,5,3,5,11,5,5,11,1,3,2,2,8,5,2,2,3,8,2,4,4,4,8
La corte de Carlos IV,5143,3458,2718,2130,2797,2226,1722,1477,1481,1218,1844,767,820,783,595,584,600,529,325,583,507,752,478,259,420,386,381,411,358,418,445,296,287,340,327,314,532,220,227,154,142,188,182,155,167,49,99,199,47,194,226,107,170,95,207,158,146,109,239,160,137,74,120,75,94,137,43,101,72,85,87,103,64,91,88,75,120,115,145,0,146,115,75,71,48,47,88,130,73,70,98,75,88,108,47,81,50,37,56,15,73,93,63,57,55,101,48,32,57,40,83,94,62,94,38,60,97,42,63,62,73,55,64,67,80,85,87,67,71,35,81,40,55,59,47,0,58,57,51,106,24,47,40,78,30,32,55,31,72,59,40,42,34,94,15,23,49,42,43,66,41,18,39,51,34,54,86,28,41,28,39,47,57,53,36,83,48,46,37,46,49,26,30,33,43,35,0,49,40,37,22,43,48,49,29,66,17,21,33,14,43,22,18,29,41,21,31,37,15,7,11,24,39,81,24,42,31,36,42,44,50,32,28,27,40,46,25,34,30,28,21,36,42,39,27,27,9,29,36,19,30,37,38,32,32,21,18,27,25,47,21,31,23,45,32,38,20,27,14,10,16,20,23,9,31,0,29,21,10,12,12,12,36,12,18,14,15,0,18,0,24,63,31,33,24,21,42,6,24,27,20,14,12,28,15,12,31,5,15,0,41,24,15,11,19,15,27,0,12,32,11,5,26,35,39,12,10,44,47,24,5,22,17,12,162,16,0,20,8,20,23,15,26,16,27,13,19,27,63,9,16,23,9,30,7,35,8,9,6,14,13,21,13,17,16,13,23,13,10,22,26,6,16,7,30,10,15,25,28,35,23,2,24,18,19,9,34,25,10,25,28,12,20,34,13,54,9,0,11,9,17,17,17,32,14,10,7,19,29,12,17,65,28,4,14,11,22,22,20,43,14,27,5,12,2,15,47,54,16,5,9,6,0,37,11,11,41,4,9,29,29,6,10,6,10,14,25,15,55,6,12,25,18,19,19,5,55,9,16,10,24,12,39,0,0,11,4,8,9,10,18,22,9,13,8,14,24,19,19,0,9,5,27,8,6,14,12,5,2,43,9,10,20,34,8,13,6,17,11,0,5,21,42,0,25,6,22,10,10,18,4,4,0,21,9,17,16,9,13,28,5,2,29,0,2,5,0,7,13,9,19,12,31,28,12,14,25,6,7,17,12,0,11,20,15,16,6,17,5,16,12,10,25,11,3,1,13,29,8,26,4,12,10,37,4,0,8,14,16,31,0,22,10,2,8,25,16,13,9,9,23,10,1,6,2,22,11,21,4,22,0,6,5,5,0,11,7,1,0,4,9,13,7,0,0,4,4,10,21,7,10,10,11,5,36,5,10,17,10,14,10,11,11,14,9,7,10,12,12,15,1,0,5,4,8,9,0,10,16,9,0,13,2,0,12,3,6,25,4,7,19,11,11,0,6,6,7,7,9,9,3,8,5,6,15,3,5,10,11,5,8,8,153,7,7,12,7,4,17,10,7,3,11,13,11,11,0,4,10,4,7,7,0,4,3,17,5,9,8,9,0,7,0,6,125,4,8,2,6,0,8,8,9,9,3,11,10,6,9,5,4,2,12,13,12,3,13,0,1,3,4,7,6,5,12,5,11,13,11,2,7,3,15,6,8,0,8,9,4,7,6,1,7,10,5,9,10,13,7,2,5,15,2,2,26,5,11,3,9,2,6,8,5,4,9,5,4,13,0,0,8,5,8,4,10,0,14,9,3,8,8,13,3,4,7,6,12,0,8,0,5,12,8,2,0,31,0,21,5,13,7,9,9,6,14,7,3,2,29,5,2,3,14,11,9,17,12,6,8,11,2,0,12,15,3,10,21,2,4,20,1,5,5,0,6,3,6,21,3,5,9,3,3,5,5,2,4,4,14,23,6,29,8,1,0,4,0,13,5,7,2,8,3,2,5,9,6,12,2,10,7,8,3,20,5,3,58,8,15,4,10,11,4,7,8,7,3,3,9,6,7,8,7,5,8,3,9,47,6,13,20,4,1,5,8,5,6,15,0,4,1,9,0,8,21,1,4,4,3,5,7,8,1,2,7,6,22,12,2,7,7,9,20,39,51,6,0,3,7,12,2,4,2,9,8,4,7,3,15,11,3,0,5,0,4,5,10,0,13,0,7,0,5,5,8,10,4,10,4,0,3,9,11,2,10,2,4,5,6,7,9,3,5,12,3,3,20,0,7,1,8,4,8,5,8,12,4,7,9,10
La de Bringas,5297,4117,2886,2144,2472,2567,1570,1480,1545,1247,585,1016,865,881,886,660,720,755,1294,551,509,372,381,514,406,511,431,506,373,290,303,366,318,211,263,153,136,293,235,318,191,194,179,125,224,354,274,217,354,191,101,210,172,134,100,111,164,147,125,123,166,171,98,95,78,120,38,117,139,119,109,116,130,69,166,64,87,76,80,0,43,83,82,63,71,69,127,29,88,113,64,60,61,60,50,76,67,143,72,14,85,52,37,82,70,45,49,13,65,61,50,75,75,94,77,70,54,66,60,41,74,56,57,60,44,12,61,85,69,38,89,61,44,59,62,43,51,44,45,29,45,72,40,44,7,67,18,58,40,36,38,66,49,46,34,55,51,26,48,36,41,33,43,72,69,43,38,64,69,34,45,38,50,50,44,48,32,45,39,51,27,31,53,37,30,45,0,30,60,24,33,12,49,23,25,47,47,38,18,28,48,35,35,57,26,16,31,22,11,59,27,29,24,27,23,13,48,14,47,29,20,16,21,12,27,28,26,53,28,47,39,37,39,30,29,29,12,28,31,34,35,27,18,20,33,37,36,56,29,5,20,11,33,7,53,14,28,6,37,71,5,47,20,19,16,0,24,45,40,49,49,5,35,13,14,20,15,4,21,0,9,9,22,15,39,36,8,30,22,26,27,29,23,23,0,23,19,20,11,1,35,36,32,27,24,4,38,0,19,12,20,11,12,17,8,28,21,17,24,22,23,11,26,25,2,18,0,12,6,37,14,39,14,7,8,8,27,21,0,43,14,25,18,21,1,15,12,13,33,21,22,28,9,17,27,21,21,9,20,14,8,0,18,38,9,10,13,15,10,8,15,1,14,30,15,6,25,21,5,14,21,9,21,13,11,13,14,0,0,21,12,25,14,6,13,16,8,20,21,12,11,2,28,1,22,29,22,26,15,10,55,6,9,18,16,7,25,4,20,13,5,26,0,8,19,26,14,0,7,13,22,19,23,8,14,14,14,6,28,8,21,10,17,9,14,12,16,18,12,19,21,19,24,0,0,12,17,14,16,12,8,5,19,13,10,8,14,4,21,0,33,12,6,1,12,2,16,22,7,11,18,10,13,6,5,10,14,4,14,0,19,17,31,0,11,21,12,13,17,21,13,14,0,6,18,5,51,12,18,17,6,7,7,0,6,14,0,23,15,5,14,26,5,8,11,16,8,18,10,26,16,12,5,10,21,18,26,18,18,14,13,10,10,23,14,36,20,15,7,10,6,6,3,43,11,0,18,10,4,9,39,3,9,10,7,11,13,19,17,10,10,4,11,14,6,3,9,10,6,18,0,18,21,4,246,10,10,2,230,7,7,5,18,2,7,10,8,7,8,2,4,11,15,11,8,22,16,6,8,28,17,13,15,5,12,11,14,6,14,4,3,8,12,10,15,2,0,10,9,0,0,11,7,0,0,10,6,9,14,13,6,6,12,0,10,13,7,6,17,8,11,3,18,13,8,12,5,11,11,5,7,7,0,7,5,8,16,4,8,1,4,6,10,3,9,6,2,4,10,4,9,4,3,8,5,10,4,6,5,4,5,3,10,12,1,23,5,13,7,8,10,11,23,10,7,13,1,17,6,10,10,14,4,3,16,7,1,0,0,6,7,12,5,8,19,11,13,5,5,14,6,4,13,4,14,24,8,8,11,14,9,0,3,13,9,11,7,7,2,36,23,6,20,18,4,13,10,14,2,15,3,27,7,6,18,2,6,1,0,0,13,6,9,18,13,0,17,4,11,11,9,6,11,3,10,4,6,0,5,0,6,8,5,0,0,5,12,1,15,9,6,5,10,7,15,4,17,5,2,6,10,11,2,4,10,5,14,6,92,7,1,6,4,7,17,5,4,13,8,7,14,10,7,0,8,16,2,6,6,7,6,2,7,6,11,5,8,4,6,0,13,23,5,8,11,5,3,4,5,14,23,20,7,12,3,8,9,14,4,6,13,5,1,13,7,16,4,4,8,12,0,9,15,6,17,15,12,16,7,16,12,17,6,5,12,3,6,8,8,3,1,5,6,18,9,2,2,5,124,2,7,2,0,4,13,2,12,17,4,15,10,28,4,14,6,2,0,9,8,19,8,7,7,27,0,4,4,11,6,7,6,4,6,5,1,7,10,6,5,9,11,0,8,6,1,1,10,5,5,0,8,4,6,1,5,10,1,9,14,0,1,6,15,3,7,13,8,7,8,8,5,1,9,13,2,14,14,1,8,2,4,8,2,6,7,6,7,5,6,9
Marianela,3709,2483,2295,1473,1788,1873,1105,1024,982,922,1465,571,582,496,502,420,516,512,424,358,291,429,343,193,304,441,314,278,317,433,353,353,167,320,188,204,237,148,198,139,75,126,108,134,128,51,107,100,48,107,200,106,134,88,171,89,81,129,206,53,99,92,89,70,56,106,4,71,58,74,75,98,34,58,56,57,133,69,76,393,84,128,94,66,106,94,50,132,45,63,56,89,36,68,46,80,31,67,72,20,22,19,40,52,38,33,67,66,19,40,55,51,34,27,38,37,79,48,112,56,36,80,47,49,80,96,49,37,70,56,75,41,59,44,18,28,50,62,27,39,38,63,60,43,18,24,31,22,77,60,20,31,31,44,41,23,19,20,28,46,17,15,22,22,23,43,43,29,51,5,11,34,29,38,22,47,38,20,32,42,20,28,24,29,24,26,0,39,35,28,11,47,23,39,10,13,10,29,3,21,27,9,51,24,20,33,47,30,46,2,30,13,12,31,23,26,13,41,28,44,54,34,16,32,9,13,12,30,20,26,41,19,15,11,20,29,5,41,20,12,12,24,15,11,6,17,25,16,19,40,23,29,19,51,14,20,31,27,14,12,58,19,21,8,21,0,8,37,7,17,17,0,20,36,11,20,27,1,27,0,8,17,46,11,22,21,27,35,20,9,12,7,8,12,6,12,13,2,4,0,26,46,7,27,11,19,12,0,15,22,10,8,18,15,52,9,13,18,7,12,17,26,23,14,4,37,0,11,8,8,24,1,11,13,25,15,4,25,0,14,27,12,6,13,0,37,4,26,13,10,25,11,10,22,14,18,16,29,11,19,14,0,10,12,12,18,28,22,11,39,19,0,11,15,10,2,13,15,5,19,4,10,13,15,8,7,29,0,0,2,12,14,15,9,3,6,17,8,4,21,10,7,10,53,8,7,13,9,16,0,9,15,19,24,17,6,21,7,17,12,41,16,0,6,7,8,8,0,9,3,32,10,22,9,7,17,8,20,5,17,15,6,13,9,13,11,1,9,11,4,7,16,19,334,76,0,3,9,12,10,29,12,1,11,4,5,12,8,8,0,27,6,28,0,1,4,3,5,4,15,14,21,10,4,9,12,8,8,9,0,9,10,28,0,14,7,10,8,7,8,5,6,0,11,8,23,5,13,9,7,10,9,18,0,7,5,0,6,12,3,7,6,23,3,6,10,34,23,7,9,7,29,5,3,10,7,18,16,3,16,6,13,3,6,12,0,6,7,3,7,2,5,20,2,9,0,9,20,6,7,16,12,7,7,10,9,9,17,7,11,19,6,7,7,9,0,7,5,15,6,0,6,4,12,0,4,1,1,0,11,6,12,11,2,15,7,9,9,3,9,7,12,1,25,5,9,6,23,10,10,14,12,38,3,16,18,7,2,9,29,6,4,5,15,7,0,0,18,12,23,0,7,8,0,8,17,4,5,10,6,11,8,13,0,7,7,4,10,4,5,1,0,22,26,14,3,10,9,11,0,2,6,0,9,68,0,6,6,12,5,6,7,3,4,2,7,12,1,11,4,5,18,38,5,3,2,4,10,0,1,1,5,5,7,2,6,8,12,16,0,7,0,4,13,20,3,0,6,4,3,3,4,27,3,6,15,12,0,0,0,14,4,6,5,19,9,3,4,13,5,4,2,1,7,12,6,10,4,1,9,8,0,5,5,8,7,6,3,7,2,9,15,1,3,5,6,2,1,6,2,7,3,11,4,11,3,6,3,0,0,8,5,4,9,2,1,1,4,6,11,4,3,0,10,3,3,3,0,21,0,10,4,4,0,0,4,2,14,9,9,4,6,1,10,6,0,5,10,0,3,1,3,4,10,7,3,4,7,26,7,3,19,12,9,8,6,1,2,14,10,2,2,7,0,8,9,1,3,3,3,8,2,12,3,10,8,9,0,7,1,8,1,4,3,3,0,0,4,7,8,1,11,9,3,8,12,2,3,39,3,4,3,0,9,1,1,0,3,9,5,15,8,5,2,2,7,4,3,4,8,1,3,3,2,1,3,3,3,1,5,0,1,3,11,2,1,2,0,0,3,2,5,0,11,1,0,0,1,6,2,1,0,6,1,5,4,38,2,5,10,5,3,2,4,0,3,0,20,2,4,0,9,5,3,4,2,2,3,2,4,6,3,5,5,0,8,3,2,5,0,7,1,2,6,13,3,7,9,8,0,16,5,1,1,2,7,1,1,5,2,3,0,4,3,11,3,2,2,4,0,10,1,6,6,3,1,9,1,6,1
Misericordia,8005,4250,3109,3079,3245,3063,1900,1626,1866,1578,1450,1189,893,1089,826,848,823,771,1308,683,572,492,536,670,500,511,443,555,471,532,393,356,370,392,286,411,143,253,267,255,261,282,223,167,210,252,298,170,262,151,231,187,134,171,140,177,171,196,202,218,133,248,126,197,111,96,189,98,52,162,58,108,93,91,87,73,144,78,94,0,148,93,95,106,148,88,59,182,103,76,92,66,50,50,78,46,102,126,109,12,75,68,41,111,110,57,76,11,83,68,71,56,103,238,58,67,88,61,67,78,59,89,60,71,104,64,39,68,51,38,101,64,55,53,61,41,65,67,62,25,69,70,65,77,12,89,11,36,47,63,50,49,60,36,20,55,59,59,33,67,27,29,39,27,48,58,33,89,30,125,42,35,63,28,39,48,66,44,76,48,25,43,56,26,28,39,0,34,27,36,29,23,72,59,34,26,44,42,13,45,46,58,48,36,28,43,29,82,28,10,46,24,16,44,36,22,79,36,32,39,33,31,26,37,34,27,32,85,63,22,29,33,30,16,34,20,28,38,43,32,34,21,30,33,38,35,21,56,23,77,45,13,28,60,32,40,38,35,23,65,45,25,54,28,38,0,32,44,31,20,20,1,28,35,27,57,25,0,33,0,24,23,19,21,35,32,13,22,19,27,35,20,12,10,6,42,9,69,15,0,19,23,12,36,33,21,16,0,17,31,21,17,16,25,14,28,36,25,15,20,36,8,34,12,20,26,1,22,11,27,39,37,26,3,18,10,31,29,0,25,11,19,17,17,0,34,38,28,35,30,18,27,7,18,8,16,24,25,31,18,24,0,19,21,14,31,31,18,12,18,15,1,13,12,15,5,19,29,11,15,17,10,45,26,19,13,36,0,0,27,25,27,13,13,17,23,16,11,16,8,8,8,20,9,24,11,25,14,14,2,25,8,11,18,31,12,19,25,13,27,3,17,9,2,23,28,13,0,13,7,16,17,21,10,14,12,9,12,5,14,27,15,34,6,8,16,2,20,7,13,25,16,11,0,0,23,28,19,6,6,24,16,22,19,27,16,9,15,16,4,15,15,14,6,10,1,22,12,1,9,23,10,7,7,19,9,23,13,12,0,14,10,10,308,9,17,15,35,19,15,15,11,0,9,7,5,29,11,19,11,26,11,22,0,10,16,0,9,9,17,22,12,23,4,12,14,9,16,12,17,13,25,21,13,6,18,24,18,19,6,17,8,5,11,15,10,11,26,8,15,0,22,0,15,14,0,13,30,17,7,2,1,16,6,7,17,10,21,11,12,5,15,14,28,27,0,15,15,14,18,0,16,17,11,0,1,16,3,0,17,18,8,6,6,4,24,10,11,11,1,11,18,8,10,3,17,18,5,16,12,7,24,11,5,13,13,12,4,13,7,6,13,7,12,26,4,0,18,9,2,0,6,6,0,7,15,8,11,17,8,11,8,17,1,9,6,9,8,8,3,10,12,46,7,5,16,7,12,9,2,8,30,0,5,81,24,6,6,1,20,4,31,23,7,6,11,4,0,11,24,12,14,6,24,16,15,7,27,13,9,3,8,9,14,0,12,11,13,13,15,3,13,12,3,12,18,0,9,7,15,8,9,12,10,12,7,3,0,0,1,8,12,5,4,11,13,11,14,11,21,2,6,9,5,15,11,12,14,4,11,9,0,3,5,20,6,26,18,3,17,14,6,1,19,6,6,3,0,5,8,5,3,29,10,8,7,7,14,0,0,6,16,7,10,14,0,9,3,24,4,2,2,13,2,11,8,14,0,4,0,8,3,0,0,0,5,5,9,3,6,10,23,3,8,5,19,5,18,4,13,6,6,3,6,8,14,7,15,8,22,0,5,3,5,11,5,5,13,10,8,8,4,12,0,7,22,12,9,8,9,9,5,7,9,9,9,8,15,3,1,13,3,5,7,12,7,0,11,10,10,12,9,12,9,5,8,12,2,7,10,22,12,2,14,3,18,0,9,4,9,11,4,5,10,11,6,8,21,1,40,15,36,4,9,12,13,6,2,13,5,0,6,3,9,4,1,4,2,0,12,7,7,0,1,5,0,3,3,31,11,6,7,12,3,4,6,59,2,4,3,2,10,7,4,0,5,6,6,10,9,0,4,9,11,3,4,1,3,3,10,10,0,12,22,0,8,7,22,9,0,12,7,5,4,8,12,7,15,9,0,7,10,8,4,8,7,7,5,6,19,5,1,5,9,14,14,6,0,11,13,3,7,6,8,4,3,4,8,1,6
Napoleón en Chamartín,6234,4182,2779,2732,3152,2232,1833,1515,1590,1361,2295,809,1025,793,514,725,641,596,275,667,481,788,578,380,466,391,388,407,303,657,565,413,344,397,328,309,418,146,199,119,161,181,193,207,218,49,98,171,49,147,203,103,159,79,276,151,125,197,291,237,173,165,93,120,64,156,54,170,61,183,62,134,44,200,101,115,92,177,136,0,118,104,166,109,93,90,83,97,78,74,76,117,60,99,85,82,30,65,92,17,79,71,89,76,105,102,37,107,64,85,134,68,51,115,41,31,114,89,47,65,55,100,72,82,94,79,150,63,86,29,50,71,88,73,54,0,61,61,60,78,37,59,93,78,11,69,32,31,72,76,51,22,70,112,13,49,32,37,33,99,35,25,25,48,20,57,74,57,33,59,57,54,62,22,29,61,71,40,39,56,37,32,54,19,23,31,0,59,41,59,37,32,57,62,29,50,12,31,16,38,56,57,53,57,39,41,34,34,16,11,17,13,48,41,46,31,41,41,44,44,63,41,46,55,50,23,25,10,44,63,25,34,28,61,31,29,12,35,54,27,28,30,31,31,130,33,16,33,26,27,21,36,28,49,42,28,26,19,16,27,39,44,43,15,23,0,22,15,25,27,27,34,27,22,26,21,31,0,23,0,22,53,22,24,32,24,40,9,25,22,9,14,18,60,31,28,42,36,8,0,31,15,16,28,21,19,20,0,5,22,7,8,25,20,56,13,10,36,16,23,10,48,25,17,1,24,2,30,8,17,11,19,26,15,33,27,20,19,59,19,43,35,16,64,18,22,29,26,18,17,14,26,13,11,20,23,27,34,6,21,25,0,5,7,12,16,16,39,31,31,23,8,18,21,17,7,22,43,27,22,34,14,83,29,11,29,25,0,0,12,16,22,12,22,7,43,19,14,28,12,28,62,24,7,14,22,12,10,25,27,5,14,9,11,11,9,7,35,35,12,19,5,0,56,18,18,17,9,11,10,34,11,20,20,17,15,21,25,20,7,19,20,28,16,21,8,17,10,20,11,22,20,25,0,0,11,16,7,30,17,19,15,3,6,13,2,13,4,27,0,6,12,43,5,12,8,5,12,2,18,22,6,13,20,8,5,17,7,10,0,6,13,57,0,23,7,15,10,10,18,4,7,0,22,9,3,18,16,19,12,11,3,22,1,18,7,0,23,11,3,21,17,18,37,15,5,33,5,13,13,8,3,34,16,5,5,10,21,19,17,14,17,15,14,21,2,14,21,5,13,7,7,1,3,14,0,17,17,17,16,2,11,17,3,6,13,6,7,7,7,13,8,4,9,7,78,8,3,7,15,0,10,6,12,0,12,7,7,10,10,11,14,8,2,0,7,9,18,25,3,5,35,16,7,15,11,15,10,28,18,11,7,18,25,18,8,10,6,21,2,8,9,7,4,11,40,0,11,11,6,0,4,7,1,3,6,14,7,2,2,11,5,15,0,2,3,4,1,9,7,18,15,8,26,4,8,4,5,4,7,9,14,66,6,1,12,9,5,19,6,11,19,15,8,5,7,2,2,4,11,11,15,12,1,0,21,5,20,6,1,3,2,2,16,10,7,5,11,4,0,14,18,4,18,11,11,85,4,3,4,9,2,23,9,2,7,21,0,9,3,7,12,4,17,3,10,15,6,7,6,9,2,14,11,17,3,10,15,5,6,7,31,13,9,9,16,5,14,3,3,5,4,2,5,9,16,5,1,3,5,16,2,8,9,10,13,4,9,0,0,19,14,10,28,21,2,7,15,17,6,15,4,4,2,4,1,15,0,9,0,6,5,5,52,0,15,1,8,7,2,3,17,4,14,9,10,5,12,7,3,5,12,4,4,8,25,8,4,3,13,2,0,11,13,4,8,10,4,7,17,4,9,10,0,6,2,9,17,5,5,13,16,7,7,8,5,4,19,6,0,6,1,2,13,7,1,0,20,11,2,7,17,3,4,3,9,8,6,3,21,8,2,39,5,10,2,5,3,4,7,11,3,7,6,4,9,5,2,10,3,9,8,2,0,13,5,5,9,12,7,3,30,5,7,7,0,15,19,0,5,3,2,0,7,8,1,1,8,5,4,7,5,3,13,8,2,4,10,3,0,9,11,14,23,71,13,2,4,2,5,5,4,6,12,5,5,9,7,11,3,12,0,6,6,60,3,5,2,18,0,14,7,4,3,21,16,7,4,7,0,2,3,4,4,5,9,8,9,10,6,5,21,7,1,8,0,7,0,9,6,8,10,9,3,8,9,12,2,3,4
Trafalgar,4314,2561,1828,1623,1879,1700,1314,1299,1117,729,537,685,718,623,446,505,412,451,174,293,421,464,415,212,378,251,298,326,321,125,163,172,205,240,198,221,441,212,161,178,120,99,139,108,105,152,62,152,140,108,29,47,156,84,86,93,75,51,95,108,52,54,56,77,71,74,67,59,84,94,78,35,64,161,104,61,41,128,50,0,87,104,36,90,68,9,79,35,92,62,56,34,41,71,57,40,24,58,53,10,43,56,33,32,37,29,48,13,52,41,25,54,44,10,23,49,29,47,30,17,62,23,67,57,31,5,69,28,38,33,32,49,24,52,44,39,40,24,33,103,33,32,27,32,12,66,69,29,55,24,22,50,41,28,9,29,43,43,31,20,42,22,44,27,37,14,38,23,26,3,28,33,23,46,25,19,20,45,23,13,10,6,17,13,48,24,0,11,29,13,48,34,24,11,32,29,18,21,28,39,27,9,9,32,19,30,7,16,15,10,10,42,34,25,13,18,20,13,32,16,14,11,28,8,21,20,10,6,23,12,24,26,21,26,32,12,10,20,9,20,18,23,10,22,15,17,30,15,19,7,19,35,50,8,32,13,9,14,18,4,38,31,10,13,28,0,15,24,31,26,26,7,13,22,3,15,6,1,6,0,18,17,13,30,11,14,25,33,20,12,9,14,16,38,8,7,64,15,5,0,20,34,17,10,19,29,27,0,5,20,16,19,23,33,17,7,15,25,13,10,3,31,2,9,17,4,0,14,12,5,11,15,9,33,10,15,15,33,0,19,12,14,9,23,3,9,8,11,2,10,3,22,26,20,24,12,8,5,14,9,6,5,7,9,14,9,10,7,5,6,15,2,13,15,15,1,27,14,8,20,11,11,10,14,5,33,7,0,0,4,8,12,12,25,2,9,15,13,18,2,5,18,10,9,4,11,18,17,3,0,0,12,8,9,5,20,10,17,10,6,5,4,0,12,15,3,26,1,12,16,10,11,5,11,8,10,21,5,4,12,6,13,9,17,10,4,5,16,9,9,12,13,22,0,0,14,4,18,9,14,8,10,4,19,8,6,13,21,13,0,11,13,20,0,8,10,7,9,2,12,17,16,3,41,4,7,4,1,4,0,5,10,17,0,5,5,21,4,18,18,7,7,0,15,11,6,2,8,7,20,2,60,1,0,31,3,0,4,14,9,18,8,2,27,7,2,14,2,4,28,10,1,20,13,4,12,7,7,10,13,13,13,1,3,10,0,6,7,8,4,1,19,108,5,11,0,5,9,4,18,0,5,7,1,2,3,7,18,8,5,12,8,0,6,1,0,2,6,8,3,0,6,7,21,0,5,8,4,0,8,9,3,15,0,2,2,18,7,14,6,3,6,3,7,13,12,4,7,5,1,3,21,24,36,4,1,10,6,10,3,16,9,5,1,4,41,0,2,8,0,0,2,2,0,7,8,10,6,4,2,0,10,5,2,4,4,9,4,16,3,9,8,2,5,7,10,3,14,8,3,2,4,0,10,2,3,10,4,12,5,6,3,1,15,4,3,2,1,5,4,4,5,5,3,0,6,7,3,5,9,1,9,2,3,5,15,2,5,1,0,7,8,1,4,4,12,14,2,4,5,5,1,4,2,7,4,5,0,0,0,7,3,3,4,9,7,8,3,4,6,8,4,7,5,4,6,2,5,1,0,8,0,1,6,9,7,1,8,10,7,4,11,4,3,27,13,4,0,7,1,0,3,3,3,8,8,4,3,0,0,8,6,6,0,3,1,3,5,5,13,17,1,1,3,2,3,9,0,1,0,3,0,9,6,0,7,1,30,3,6,4,3,1,2,11,9,1,3,0,1,1,1,1,5,5,5,10,2,3,5,4,1,13,1,6,13,11,2,2,5,4,4,6,0,8,1,6,7,3,0,2,6,6,1,1,0,5,27,10,0,4,1,2,24,4,0,1,3,3,5,3,2,4,2,6,1,8,1,1,8,8,9,3,3,12,0,6,7,13,3,4,3,2,8,3,2,1,6,12,1,0,3,4,6,3,4,9,0,1,5,1,2,1,16,6,1,4,10,0,0,1,2,0,6,1,1,1,16,0,3,6,0,7,3,6,2,0,2,4,6,20,5,10,2,2,1,1,2,2,16,6,7,1,14,3,0,19,2,6,6,2,25,6,3,11,10,4,0,7,0,5,5,0,3,1,9,1,2,1,0,0,10,3,6,0,5,10,4,1,4,5,13,7,2,2,2,1,0,5,3,1,3,3,10,10,10,2,7,3,5
La prueba,4850,3224,2451,2094,2316,2162,1575,1365,1348,1191,1225,764,625,631,518,548,495,552,1109,552,442,793,561,306,468,426,303,305,276,505,368,486,277,313,218,351,501,146,187,145,200,197,178,235,126,108,207,147,108,118,259,145,140,78,101,119,79,145,33,117,65,97,59,68,88,50,6,61,57,16,75,70,47,101,64,105,70,42,64,0,132,41,62,53,62,61,69,97,48,60,63,67,84,76,48,43,128,59,56,32,54,33,52,44,51,46,57,73,74,52,72,59,54,26,49,43,87,43,74,55,53,60,57,40,38,92,36,43,24,46,34,39,37,39,52,0,25,41,58,104,59,52,40,58,29,38,48,26,56,50,55,30,50,29,15,29,23,26,50,60,34,45,33,21,26,43,38,36,34,30,24,23,30,32,25,29,47,19,28,26,35,10,28,48,16,28,0,57,18,42,24,48,18,39,36,26,28,24,30,23,32,27,29,13,28,30,34,21,63,63,31,2,27,19,12,33,24,20,19,25,54,42,17,31,29,27,14,23,28,34,21,25,39,24,31,33,12,21,23,20,18,25,24,22,27,33,24,29,21,23,13,5,12,30,16,23,18,28,14,7,2,13,22,19,11,0,23,9,23,25,25,3,5,6,9,22,26,0,15,0,17,75,7,19,32,24,9,13,22,28,11,23,5,20,144,25,33,13,17,0,23,15,8,18,18,20,6,0,17,14,5,7,6,17,17,11,16,31,21,17,5,27,34,22,1,16,0,12,7,20,28,15,7,11,16,23,5,9,0,18,11,8,15,22,0,26,17,14,2,22,11,8,11,6,4,7,14,21,7,10,16,0,16,17,16,25,7,18,32,15,17,18,12,10,16,3,4,9,4,16,12,13,2,10,9,38,12,1,1,8,24,11,12,24,10,10,16,17,5,31,18,37,9,20,15,4,22,8,18,2,1,6,14,9,11,30,10,5,8,10,10,8,2,2,11,20,16,27,14,25,10,13,20,7,11,13,11,9,9,13,7,10,15,24,13,4,15,9,12,5,9,18,7,0,0,8,5,5,11,11,16,23,2,3,5,17,3,8,20,0,7,9,13,0,9,12,19,6,1,12,11,6,12,29,14,18,3,10,12,0,12,16,9,0,13,7,18,6,11,11,10,4,0,7,20,15,1,5,8,10,19,5,18,0,12,4,0,10,5,2,9,5,25,3,9,8,7,8,11,4,8,6,4,17,20,4,12,7,8,4,7,15,7,11,6,36,5,9,9,6,14,6,0,0,10,0,4,3,14,15,18,6,3,12,3,13,18,8,9,11,8,8,13,4,13,0,5,17,13,8,0,6,3,3,0,16,10,9,0,8,8,7,11,26,0,4,8,13,8,7,15,9,7,12,2,6,5,6,12,5,14,7,1,6,6,4,10,9,3,8,10,11,20,8,15,5,0,14,7,8,0,10,6,0,9,3,9,9,5,6,12,6,3,0,8,12,10,14,14,7,8,12,2,9,22,7,11,12,10,2,6,2,0,11,2,35,19,12,7,10,6,5,19,7,19,9,1,27,9,10,10,11,6,3,4,8,4,6,10,12,7,6,6,4,2,9,14,5,7,11,5,3,6,5,6,8,1,12,6,5,5,12,3,12,3,7,1,0,1,3,9,11,6,13,2,5,5,5,10,14,10,8,11,7,3,34,6,3,10,8,7,37,4,6,13,5,1,8,6,1,5,12,4,8,13,10,14,8,9,15,11,7,7,4,6,2,6,21,0,0,4,11,4,9,11,0,14,3,5,5,12,1,5,5,12,1,7,0,15,0,6,11,6,0,0,5,2,2,6,2,0,8,5,7,8,2,7,4,6,8,4,9,0,3,2,10,10,3,0,5,2,8,10,17,5,5,8,11,2,6,12,7,4,0,13,3,7,3,1,2,4,6,7,9,4,5,1,0,4,0,8,2,5,9,8,55,0,12,8,3,4,6,2,9,11,2,3,15,3,9,5,7,5,12,4,1,5,9,9,7,11,4,0,4,4,5,10,4,2,5,5,5,2,0,0,7,1,8,12,2,0,10,7,2,3,6,5,1,0,5,1,3,0,9,2,0,6,4,5,9,5,5,5,9,8,3,5,7,7,9,6,8,9,1,0,11,10,7,7,5,5,19,7,6,2,12,10,1,3,6,6,0,3,6,1,2,2,9,3,0,1,6,11,1,9,5,5,2,9,1,7,5,0,4,5,7,11,7,3,3,3,1,0,2,9,1,7,0,7,0,5,8,4,5,4,6,7,3,4,3
La tribuna,5813,3639,2159,2419,2057,2805,1641,1629,1245,817,1277,1034,906,712,541,612,874,699,526,411,666,198,585,324,492,473,302,339,328,420,258,490,251,138,195,273,38,207,266,129,133,195,172,132,136,125,132,119,125,98,98,115,125,85,42,87,105,106,49,63,50,56,46,116,70,38,21,60,52,0,86,31,65,66,48,100,57,51,14,411,33,46,53,41,63,52,43,42,58,45,94,36,98,72,76,46,103,69,57,5,50,17,48,58,57,30,28,20,43,74,57,44,50,36,44,50,62,30,68,45,77,60,69,61,32,19,34,48,52,23,42,39,42,37,51,60,28,41,41,12,50,47,64,39,9,58,25,33,39,28,38,31,54,9,34,48,42,34,36,33,40,36,34,42,25,23,27,38,23,54,26,13,27,24,42,9,62,24,34,59,42,35,16,33,10,43,0,25,25,29,31,72,20,17,32,34,41,48,15,32,34,36,33,18,25,30,21,20,57,14,29,11,20,11,10,19,20,8,15,11,34,26,27,15,28,22,19,29,24,8,11,57,36,38,26,18,10,20,26,27,32,27,23,9,11,20,3,20,33,14,37,18,17,5,15,18,32,15,27,13,19,30,16,20,9,0,27,4,23,18,18,1,9,20,30,21,28,5,6,0,8,6,18,14,25,21,6,40,7,19,21,21,8,6,6,22,15,23,24,0,10,20,28,32,17,6,22,0,21,13,13,15,5,9,27,27,7,2,20,13,16,5,12,11,2,14,0,14,5,15,35,15,12,14,2,13,8,13,0,27,15,9,25,10,0,10,9,24,20,20,7,15,10,8,8,23,16,16,11,7,5,9,9,14,10,18,10,19,24,9,10,8,15,6,11,3,12,9,44,18,9,14,0,22,14,22,9,0,1,17,6,8,18,19,26,14,21,5,11,16,13,5,10,8,11,1,13,6,9,0,11,10,36,4,11,22,4,12,1,12,5,26,0,17,6,15,18,0,13,12,4,13,18,12,11,11,8,15,19,19,5,4,10,9,10,6,6,18,7,15,3,11,11,0,0,5,12,9,6,17,6,7,0,11,11,12,4,12,23,0,31,20,14,0,9,13,11,16,276,5,13,9,9,5,8,19,14,5,4,0,13,17,3,0,12,6,15,9,5,6,5,3,0,6,12,4,2,6,12,10,3,22,6,0,17,11,0,13,14,10,8,4,18,9,11,4,6,19,22,2,11,3,17,3,22,17,8,11,9,11,5,17,10,9,10,6,9,0,6,3,7,21,1,2,7,0,4,2,16,6,7,20,3,3,9,11,14,10,5,11,8,5,18,3,8,0,3,12,16,15,0,6,5,1,0,5,7,5,0,10,11,4,7,7,17,11,7,14,9,1,11,19,12,10,8,11,8,5,7,12,3,8,8,3,13,16,5,9,12,6,12,11,11,9,7,5,0,14,3,54,0,10,8,0,13,5,5,1,12,13,5,6,14,0,15,6,4,6,8,5,14,12,14,8,4,12,12,3,2,3,10,8,0,2,5,8,1,10,7,5,4,11,5,7,11,17,10,6,8,10,4,9,12,4,30,19,11,3,6,7,19,4,14,6,0,3,4,4,4,13,14,6,4,9,6,6,0,20,3,8,5,7,6,5,8,9,12,0,0,1,7,7,15,9,0,7,8,16,9,7,7,9,7,5,11,0,5,3,17,21,6,0,6,5,5,2,1,0,11,8,6,2,15,5,0,7,4,0,3,17,3,27,15,3,6,9,24,11,0,0,8,17,4,4,11,1,4,8,11,6,2,0,17,4,5,5,2,0,2,0,14,5,3,5,0,7,3,12,11,13,5,4,6,12,5,6,3,3,12,4,5,5,7,8,4,6,9,8,0,4,1,21,9,5,9,4,7,4,6,7,6,14,12,0,14,3,0,3,6,5,3,5,4,4,8,4,4,2,4,1,3,8,15,1,11,9,0,2,10,3,14,3,1,8,2,5,11,3,12,7,5,3,4,3,3,4,4,5,5,5,4,3,13,4,10,6,9,4,5,4,5,7,4,9,9,13,8,6,1,10,0,7,13,1,2,18,1,3,0,23,3,7,0,1,2,0,18,2,0,7,1,12,3,2,5,5,3,1,2,2,6,6,2,0,0,12,4,0,3,1,2,13,2,7,1,13,1,2,5,6,8,2,10,6,18,6,13,8,8,0,5,6,15,5,4,1,7,5,4,0,5,4,3,2,4,3,9,6,5,13,4,7,0,2,7,8,1,1,3,1,6,2,4,10,3,7,7,6,0,5
Los pazos de Ulloa,7350,4624,2857,2802,2427,3324,2124,2524,1912,1218,1231,1302,1097,985,778,810,839,839,335,495,758,310,674,628,702,581,439,425,380,418,289,444,237,134,228,447,78,261,304,191,210,231,244,174,150,95,261,176,95,173,63,65,162,149,77,93,103,113,32,118,50,125,79,141,95,60,6,52,74,0,108,67,99,47,67,107,88,55,52,679,47,49,97,85,71,85,47,18,75,85,122,72,106,97,96,66,59,85,81,252,54,47,72,67,82,65,61,40,76,115,51,66,55,53,65,80,62,53,81,50,94,39,81,66,122,13,59,35,55,41,64,60,36,36,46,74,44,52,45,10,62,66,72,34,10,57,57,53,36,47,51,37,49,18,40,57,39,43,64,26,65,43,28,29,43,35,45,28,42,10,26,16,28,50,60,16,52,24,32,60,34,33,31,24,12,32,0,36,27,31,40,52,38,34,34,41,48,48,41,32,38,49,46,18,43,53,36,25,50,24,50,12,35,56,18,25,23,14,15,25,31,29,43,18,34,39,26,20,13,9,23,47,57,29,41,25,7,35,26,23,29,13,30,28,4,36,18,15,18,3,29,10,27,11,17,15,43,17,24,7,23,26,12,20,31,0,12,11,25,31,31,3,23,19,19,18,31,7,12,0,17,14,10,25,17,24,9,35,18,10,19,37,20,12,23,12,5,31,33,0,8,26,22,29,28,16,19,0,32,25,9,31,17,17,41,14,7,12,23,16,22,7,6,16,41,8,0,8,11,17,40,18,19,19,7,21,9,14,0,24,10,10,28,20,1,6,15,32,51,28,18,13,18,29,11,24,13,17,26,9,18,0,17,29,22,45,28,14,30,5,19,7,22,9,25,36,30,17,15,18,17,21,0,17,21,11,13,379,1,15,14,13,15,17,51,14,39,34,12,5,17,3,12,97,15,12,7,26,19,140,2,29,26,11,18,33,6,14,6,16,8,23,0,6,15,22,26,1,32,16,6,17,18,50,8,17,12,11,12,40,9,9,6,11,8,5,4,14,4,10,12,24,14,0,0,8,22,14,11,11,3,6,4,21,8,7,24,14,12,0,11,16,24,139,10,17,14,17,2,9,16,12,17,2,15,34,10,11,11,0,13,9,4,0,25,17,17,12,17,11,18,14,0,16,13,11,1,5,12,15,8,6,3,0,22,22,0,8,17,12,7,15,1,9,13,13,13,13,9,1,22,11,21,24,26,13,9,20,6,15,13,22,5,14,12,4,12,7,10,6,22,8,9,2,8,0,5,9,19,5,30,19,7,8,13,13,13,13,12,15,10,4,14,4,19,0,4,9,20,5,0,8,9,4,0,7,18,18,0,13,16,4,14,2,20,11,5,7,11,9,8,5,9,12,6,7,10,6,8,10,5,8,5,1,11,30,10,2,27,5,20,9,12,12,6,2,0,9,5,19,0,13,13,0,14,8,13,6,17,11,1,3,14,1,9,6,9,8,7,9,20,18,4,9,12,18,18,11,10,6,19,19,0,4,3,3,18,17,8,10,11,4,1,8,8,13,117,8,11,6,4,7,13,33,12,13,8,9,13,3,13,8,16,6,0,2,7,8,8,7,5,0,19,16,5,18,0,22,8,6,7,14,9,9,17,10,7,0,8,3,13,9,15,7,10,14,13,16,13,13,8,36,6,15,8,3,12,6,16,18,15,1,10,6,6,9,4,2,9,12,3,11,7,2,3,6,16,22,11,24,5,10,13,3,4,8,21,21,194,0,20,13,7,8,7,2,8,3,5,6,10,1,0,5,6,8,3,0,5,0,13,9,8,6,0,7,11,9,28,14,9,5,4,10,2,8,9,8,3,9,2,17,6,13,2,7,7,8,1,9,7,34,9,6,6,3,10,9,5,6,8,5,12,0,12,7,7,2,9,4,6,8,14,8,3,7,9,1,2,0,12,5,12,10,15,0,0,10,3,11,7,4,3,10,6,5,5,6,17,6,9,4,5,0,6,2,10,8,12,12,5,4,16,3,8,27,9,3,6,5,8,7,10,4,10,19,6,6,4,10,0,4,18,4,4,11,9,2,1,14,1,4,0,3,1,128,11,7,11,11,1,2,7,3,9,11,1,5,4,6,3,10,3,1,1,10,6,3,7,4,13,27,1,10,1,11,5,5,4,10,5,35,12,3,1,6,3,9,5,18,9,29,6,17,3,5,5,6,5,2,22,2,5,13,7,15,5,3,7,5,4,0,3,9,2,0,8,126,10,14,7,1,5,12,8,8,3,9,1,12
Un viaje de novios,6423,3833,2389,2562,2000,2408,1699,1848,1613,818,1504,878,823,713,676,560,757,689,548,409,617,254,563,346,550,454,359,261,414,381,298,399,221,186,252,328,92,180,307,80,139,219,178,144,141,46,456,130,46,150,81,127,124,140,56,69,116,119,101,73,44,51,59,116,99,44,11,39,58,1,122,55,49,44,65,117,110,56,36,556,52,56,73,60,69,62,62,45,71,52,96,78,83,57,69,52,58,44,47,55,60,24,60,51,52,37,68,113,72,79,61,68,78,57,64,52,78,40,112,66,63,57,38,53,117,31,29,35,59,29,43,42,45,32,50,59,41,42,49,17,71,38,57,61,19,27,47,27,53,30,36,41,49,10,35,34,25,30,46,52,77,49,9,25,18,36,26,43,29,13,17,24,10,29,70,17,24,19,50,46,25,43,27,35,3,23,0,36,26,24,18,85,39,25,32,36,25,18,37,23,28,36,28,19,31,42,31,21,30,40,25,8,11,27,13,22,30,16,14,25,44,26,25,20,26,26,16,23,17,11,12,29,48,19,42,24,11,23,23,18,30,13,28,14,18,24,11,22,33,16,28,17,21,7,14,18,25,8,19,7,27,31,12,20,19,0,15,20,10,21,21,1,12,28,17,21,38,450,10,0,16,13,16,11,6,17,8,37,6,15,11,15,27,15,4,5,10,10,29,0,5,30,19,30,29,20,15,0,20,12,8,19,11,7,37,12,16,14,26,19,18,14,14,19,16,10,1,16,12,20,50,9,12,14,10,18,24,15,0,26,16,9,17,28,1,3,11,25,67,30,28,7,9,23,5,12,15,13,15,14,8,5,9,15,14,33,21,34,23,9,16,6,6,13,32,7,16,15,13,19,21,14,4,13,11,13,9,0,0,28,10,20,12,38,20,24,22,6,6,21,5,5,5,19,27,4,14,8,11,2,5,10,36,10,12,18,14,7,4,15,15,23,0,30,10,23,32,7,5,7,5,15,23,8,15,12,10,17,8,43,13,5,8,17,9,2,18,13,4,12,11,16,11,0,0,18,5,10,2,8,11,6,10,22,12,21,14,14,23,0,3,37,27,2,10,6,8,13,1,8,2,11,7,7,14,29,11,8,7,0,14,12,6,0,22,10,13,5,12,8,5,3,0,19,20,16,3,2,18,8,9,6,4,0,21,3,0,10,12,15,3,2,2,5,8,19,6,18,23,0,10,7,3,11,14,10,4,8,7,9,9,23,2,4,8,1,14,11,15,13,19,16,3,7,12,0,6,3,8,7,14,18,5,1,16,8,29,20,9,26,5,10,7,1,15,11,6,6,19,2,0,15,3,9,0,9,8,12,0,13,14,6,15,0,14,8,3,4,10,5,16,13,19,10,7,4,4,9,4,8,3,10,4,4,11,8,5,3,15,4,13,4,15,8,6,5,0,10,3,3,0,15,10,225,14,17,5,9,17,18,6,21,6,0,10,8,5,7,7,5,6,4,1,1,8,8,4,6,7,10,15,6,0,1,2,1,5,15,4,2,7,7,7,7,10,9,19,9,5,7,10,11,19,5,24,26,10,7,9,7,7,8,15,8,1,7,7,13,2,18,6,2,8,11,12,20,2,20,6,6,2,11,3,7,13,13,4,0,0,0,3,21,16,12,5,5,7,11,6,2,11,3,12,6,8,6,5,7,6,12,10,1,9,7,2,6,9,6,2,8,12,2,7,4,6,2,6,3,12,12,2,20,4,4,1,6,18,18,0,194,14,20,5,6,1,2,6,2,14,2,4,2,1,3,4,13,7,0,4,0,10,6,2,5,0,7,6,9,8,12,18,5,8,23,6,0,14,4,6,11,4,6,4,7,7,5,12,3,0,9,3,45,11,7,6,7,8,5,2,5,18,5,3,0,7,2,8,4,11,4,6,6,6,4,7,5,5,1,4,0,11,3,20,1,9,3,50,2,3,4,4,3,7,7,8,11,7,1,5,3,7,6,4,2,5,6,7,8,11,6,5,2,8,7,7,9,13,1,7,1,3,5,2,6,4,11,4,6,9,2,0,3,6,9,5,17,7,19,1,7,1,9,0,0,9,0,8,27,1,4,5,3,6,3,5,16,2,2,5,1,1,7,1,2,0,20,9,7,2,9,1,17,0,2,3,9,4,2,0,7,5,12,6,4,0,8,0,8,3,0,12,11,18,8,5,1,3,5,8,0,8,3,1,8,1,8,6,9,4,4,5,2,3,11,7,9,3,1,6,2,6,6,4,4,7,4,10,3,5,1
Una cristiana,4616,3073,2408,1968,1997,2113,1435,1482,1202,1026,870,741,594,639,379,557,478,553,714,500,481,707,441,260,423,400,254,272,258,355,330,354,246,295,202,376,424,171,164,100,200,193,155,198,105,237,208,108,229,130,150,80,125,81,91,103,101,119,35,102,65,76,66,77,93,41,18,65,48,27,83,50,50,159,64,100,38,50,76,0,100,49,72,56,47,79,43,52,0,47,55,53,67,53,44,47,62,49,45,36,47,54,50,42,61,47,43,125,61,48,44,60,59,20,61,43,79,32,57,58,45,36,43,37,56,71,38,36,25,36,24,30,39,47,31,42,23,27,40,81,31,42,45,66,18,37,31,32,41,38,52,31,37,24,26,26,28,32,44,59,30,32,13,26,37,28,26,26,22,19,30,16,28,21,34,20,39,22,13,27,20,19,15,44,7,31,0,51,21,25,38,27,21,32,25,20,19,22,27,15,31,20,23,23,35,41,18,36,52,18,31,2,23,23,16,33,20,17,20,24,30,35,22,32,15,20,17,14,35,27,14,18,22,31,18,21,8,19,17,12,33,19,26,19,19,23,16,19,14,14,0,9,21,9,9,15,20,25,9,12,15,23,20,16,18,0,17,8,11,24,24,3,16,14,13,22,23,5,10,0,8,7,9,23,14,19,13,11,18,11,7,19,12,28,156,15,22,31,15,0,29,18,4,9,19,7,10,0,14,11,4,18,6,17,17,8,9,28,25,11,0,41,19,22,5,7,0,18,8,23,20,20,18,11,11,21,5,11,0,23,10,18,16,14,0,6,13,14,2,24,10,8,7,7,5,11,4,16,4,20,11,0,7,13,6,17,8,16,22,10,12,26,12,10,24,5,2,13,7,7,11,12,0,6,9,28,9,5,2,22,10,7,9,12,20,16,11,22,15,10,19,17,8,28,8,5,20,10,14,2,0,10,14,17,12,15,14,3,9,11,16,26,27,14,15,16,13,34,2,16,9,12,14,4,3,9,14,10,16,17,2,5,6,16,13,1,9,1,5,11,9,26,8,0,1,6,23,6,9,9,10,14,4,6,3,24,5,21,8,0,8,15,14,1,12,14,18,6,1,8,4,12,13,1,12,19,3,11,6,0,16,0,3,0,11,9,17,11,10,8,16,4,0,7,17,11,4,7,7,8,12,12,14,0,6,8,0,7,16,2,12,4,12,5,4,4,11,11,11,3,11,3,12,13,16,8,7,11,9,9,3,16,13,7,7,18,9,12,8,3,14,5,2,0,7,0,14,3,10,8,3,13,4,12,10,10,16,10,11,5,7,7,15,9,7,0,5,13,10,10,0,7,4,5,0,3,12,5,0,13,3,3,5,49,0,4,4,8,4,7,12,4,3,5,7,11,8,5,6,11,13,3,1,9,5,15,4,8,7,2,5,4,12,14,7,1,0,14,0,11,0,15,8,0,14,3,10,7,3,2,7,13,9,6,9,16,4,13,7,7,16,14,4,8,9,12,9,6,12,0,18,7,0,8,2,1,10,9,11,7,10,7,4,4,16,8,7,15,3,8,7,4,4,9,10,14,4,9,8,9,6,6,4,7,2,6,3,4,9,13,6,2,8,0,10,2,1,5,8,6,4,9,6,10,8,10,5,0,0,1,2,11,3,4,2,9,5,1,9,12,6,4,5,7,3,3,3,5,14,11,14,83,2,3,5,7,1,7,3,3,5,10,0,7,3,14,14,8,5,13,9,3,6,5,3,2,5,18,0,0,1,18,6,7,5,1,6,4,6,5,13,9,2,6,4,1,6,0,10,0,3,11,5,0,0,6,0,1,6,3,2,5,4,8,5,0,6,6,2,4,2,8,6,7,6,3,10,3,0,3,1,5,12,7,4,3,15,9,2,4,3,12,9,0,4,4,4,2,2,4,3,3,15,7,4,6,2,0,4,0,4,5,4,2,6,44,0,10,8,6,4,2,1,3,10,9,7,7,9,7,5,4,3,6,3,1,7,7,5,5,4,3,1,8,6,9,4,3,3,7,9,2,4,2,5,2,7,6,7,0,1,6,10,4,4,16,4,1,1,6,6,2,0,10,3,1,13,4,6,6,2,6,3,2,5,6,0,2,3,6,7,6,3,1,1,6,7,7,3,5,11,17,2,3,6,7,7,3,14,5,6,8,7,4,0,4,7,9,2,0,3,7,8,3,9,2,6,3,7,0,4,2,2,3,1,7,9,5,6,3,1,6,2,6,6,4,4,0,6,0,5,5,4,4,4,5,4,0,4,4
Algo de todo,5827,3015,1782,2739,2191,2012,1122,1491,1498,926,20,810,780,565,388,677,529,437,1,544,489,126,465,219,304,282,532,320,330,112,568,28,235,130,189,170,88,64,191,37,462,180,167,184,211,16,3,139,16,91,11,60,89,70,175,74,122,50,7,61,103,21,156,28,113,125,4,146,18,19,85,60,12,118,23,92,24,100,40,0,15,31,60,55,54,129,27,0,21,61,65,73,76,59,107,64,52,35,30,14,87,84,116,47,30,72,86,9,92,29,42,55,57,15,66,70,15,73,8,78,30,30,49,57,6,4,51,41,53,54,43,44,124,35,39,87,8,52,40,19,3,23,14,11,70,20,34,9,22,70,36,13,30,104,19,19,72,38,28,15,48,65,9,53,3,9,35,16,3,2,35,38,34,7,33,35,1,77,6,8,35,7,30,37,36,57,0,5,8,58,42,4,14,32,15,29,7,22,48,36,5,0,19,39,23,10,39,12,20,14,4,21,20,10,72,13,0,6,15,1,13,43,26,3,35,24,31,26,5,18,19,24,26,6,13,7,32,3,35,12,16,15,21,32,8,6,58,5,12,1,7,65,27,1,17,24,6,6,2,101,21,18,19,0,20,0,19,23,9,22,22,10,19,21,29,7,5,1,19,0,28,4,16,21,5,16,6,5,26,17,3,42,54,57,0,33,39,9,19,0,6,10,6,5,3,18,14,0,2,32,5,25,23,13,0,20,3,11,2,8,0,26,1,9,10,5,0,22,23,12,0,15,13,20,7,21,15,8,0,8,33,5,16,4,10,2,9,7,6,9,10,16,25,20,14,3,12,4,6,24,41,0,26,2,26,2,8,4,1,1,17,0,4,10,20,4,13,3,39,6,29,17,4,2,0,0,6,0,0,12,8,0,3,0,4,16,3,9,7,3,12,2,6,1,5,23,10,3,11,0,1,29,6,10,19,9,0,3,22,3,3,15,1,41,5,5,3,7,4,2,4,7,12,3,1,9,12,15,9,1,2,2,1,15,45,6,1,3,28,0,14,9,0,0,1,7,8,7,12,6,0,0,19,1,5,22,13,22,0,0,18,1,0,2,22,25,15,1,1,12,22,19,12,1,27,1,3,5,9,0,2,4,0,0,0,3,10,4,2,7,2,2,0,17,13,39,12,15,8,5,6,6,0,0,7,2,0,13,1,13,1,35,0,11,17,0,8,21,11,2,0,0,4,11,7,0,8,1,5,3,1,1,0,8,2,0,6,4,5,31,10,4,3,4,8,2,8,0,7,10,2,6,9,27,0,8,0,3,4,6,2,8,1,11,3,0,13,13,5,18,0,4,2,7,0,6,2,12,0,9,3,24,3,0,0,7,22,22,6,57,15,3,5,17,9,3,2,6,14,5,23,2,5,23,2,1,11,26,0,13,11,5,0,0,0,19,0,7,3,4,0,3,19,1,4,0,6,17,1,6,0,2,2,1,14,6,23,15,0,5,4,1,13,3,7,0,9,0,15,16,5,4,0,3,0,13,1,1,19,9,14,6,3,9,16,7,0,7,0,9,8,1,5,13,0,3,8,7,8,9,8,11,17,24,13,2,7,2,13,1,14,0,0,1,10,2,1,3,10,3,18,1,8,5,3,7,0,0,7,3,16,2,1,21,13,0,9,9,8,5,6,1,22,6,4,0,3,8,24,1,6,0,29,5,3,7,9,14,3,2,4,11,0,5,5,15,6,0,11,0,21,5,5,17,4,10,7,0,0,0,13,5,10,0,9,29,4,0,3,3,1,5,0,18,9,4,5,0,0,0,2,14,8,6,0,8,0,3,9,0,1,17,26,8,12,4,5,6,19,4,19,6,33,2,5,2,9,5,3,6,0,0,8,2,1,12,1,0,4,9,1,7,0,5,3,2,3,2,2,22,13,5,0,16,15,1,3,4,7,2,1,3,5,6,1,0,1,1,9,2,2,1,1,0,3,1,3,7,1,10,4,7,2,0,12,0,7,6,5,0,0,3,0,6,1,1,2,0,8,2,5,1,26,5,4,1,4,9,2,2,66,4,3,0,4,4,30,6,0,0,0,2,0,8,6,0,3,5,7,8,8,6,4,1,7,0,1,26,13,4,7,2,2,5,0,1,42,1,7,7,3,1,21,3,4,2,19,5,7,3,0,3,0,1,4,0,3,1,3,0,2,2,10,0,1,2,8,0,4,1,0,4,6,14,9,0,2,6,7,2,6,6,5,4,0,5,1,1,5,1,3,4,11,3,10,3,9,0,8,3
De varios colores,4305,2931,2276,2780,1919,1648,1276,1272,1397,792,152,695,553,593,669,559,355,357,33,312,418,352,210,319,323,191,295,305,278,113,239,95,178,225,169,132,271,176,213,248,223,179,181,187,144,31,70,165,10,182,96,207,98,149,139,80,92,46,39,57,68,65,97,61,97,49,155,75,87,156,69,45,63,30,51,69,26,54,87,0,46,64,63,60,56,43,39,39,76,54,62,50,68,38,89,61,47,34,46,31,61,71,70,23,45,73,56,88,57,51,37,22,47,27,35,47,24,56,29,43,32,36,54,39,22,63,26,28,24,49,19,41,41,23,25,47,26,27,34,51,18,9,17,26,58,8,62,31,20,28,39,29,24,18,10,51,27,72,27,16,41,46,41,34,26,22,26,30,23,5,36,28,10,25,27,23,5,34,34,19,36,24,16,33,37,25,0,12,8,31,27,22,23,16,35,16,24,27,49,34,11,20,16,14,10,17,20,18,38,21,14,45,39,18,24,29,11,24,9,30,7,22,22,27,24,21,22,11,9,25,5,11,17,13,15,24,15,15,18,20,13,22,10,22,12,7,18,13,24,22,23,15,19,10,10,29,9,18,15,12,22,9,12,13,33,0,16,11,21,59,59,11,17,22,11,6,7,0,18,0,34,19,7,24,23,14,48,9,10,14,12,15,16,12,5,9,13,11,21,0,16,13,9,5,7,23,10,0,14,12,22,21,10,9,7,11,12,5,13,14,14,8,9,9,1,11,1,16,29,14,22,13,28,18,17,7,16,10,0,3,10,3,23,4,34,3,3,7,15,12,17,10,24,22,29,5,10,7,22,13,17,25,10,14,18,6,14,3,9,15,9,8,4,10,13,0,14,5,9,4,10,15,13,9,10,2,9,0,0,24,5,2,13,8,5,9,18,10,4,7,15,4,10,6,19,14,9,10,8,14,10,11,13,4,16,10,3,25,11,18,34,10,0,19,9,7,3,0,10,5,7,7,3,9,22,6,10,16,8,8,9,10,2,8,9,9,21,16,12,8,5,10,0,0,0,24,12,15,5,20,6,18,13,18,13,6,16,18,4,0,2,4,0,3,23,22,10,5,4,8,13,18,9,10,6,9,5,7,5,0,11,7,3,0,4,6,9,4,15,8,3,9,0,11,6,5,2,6,8,8,16,16,15,0,11,6,0,5,6,22,4,9,4,31,8,26,3,11,19,6,6,5,3,12,8,4,11,11,7,5,9,11,5,9,7,45,7,20,12,7,15,3,3,27,14,5,12,5,7,10,3,5,15,23,8,4,3,6,2,3,7,7,1,6,1,29,10,5,6,7,0,5,3,13,0,16,9,23,0,8,10,13,5,7,8,7,6,5,10,7,12,1,13,3,10,9,8,15,3,4,5,1,36,4,0,0,9,3,1,12,6,9,0,6,0,8,0,6,15,3,0,10,4,0,8,4,14,13,6,16,4,8,0,1,7,12,16,5,2,17,8,6,2,10,4,7,5,6,6,24,9,2,0,5,2,23,6,4,5,3,9,3,1,7,7,6,1,15,4,9,8,4,3,1,1,10,18,0,5,9,17,7,12,5,16,7,5,8,9,2,2,0,0,4,2,9,2,6,11,8,5,7,3,4,8,7,10,0,22,6,9,1,8,9,3,1,2,3,2,3,4,3,5,5,2,0,4,4,4,2,5,0,5,11,4,5,9,3,10,5,1,8,18,2,10,10,3,9,6,1,8,1,2,5,6,9,5,2,0,0,3,1,8,5,4,8,6,7,3,15,12,11,24,6,12,5,13,0,4,0,3,2,8,66,0,7,9,9,4,3,5,5,7,1,5,4,6,3,6,8,11,1,12,8,9,6,3,12,0,2,2,0,1,3,2,2,5,3,8,3,7,10,3,9,5,5,9,4,6,16,7,11,2,11,7,2,14,2,15,22,6,12,17,9,1,0,0,2,9,3,9,4,8,1,3,4,1,12,2,4,0,1,15,5,5,3,17,5,4,3,3,3,8,6,1,7,1,7,5,0,2,1,3,9,4,5,6,5,4,1,12,5,7,4,5,12,11,2,4,2,4,7,160,9,5,1,7,2,4,1,13,8,7,3,7,8,0,4,0,1,2,1,4,14,15,16,1,4,14,4,7,1,8,4,13,5,3,11,2,2,0,13,1,1,8,10,1,0,3,9,4,0,3,3,3,4,4,7,3,9,4,4,6,8,7,2,2,2,2,5,7,10,11,11,0,12,9,0,3,9,4,3,9,1,1,2,3,2,6,2
Doña Luz,5251,3039,2178,2617,2255,1591,1390,1379,1509,955,397,896,578,668,797,653,409,387,12,466,411,274,454,403,279,268,455,331,353,262,274,40,212,207,209,164,207,265,223,340,249,198,222,248,240,42,17,143,25,110,58,219,113,204,97,104,141,93,62,87,92,82,141,71,123,121,571,97,94,387,64,90,119,31,66,87,60,92,74,6,41,52,43,73,95,54,50,33,47,53,56,33,79,67,92,70,52,38,44,144,71,92,118,39,58,115,74,201,79,41,29,53,51,31,65,75,23,82,34,36,36,62,34,60,17,39,17,46,40,106,22,59,27,29,49,76,18,29,24,21,14,12,15,12,158,13,63,52,17,20,40,38,18,18,482,37,30,62,48,25,43,46,38,49,51,23,41,35,10,3,46,38,22,18,42,36,25,30,23,12,64,50,43,45,58,42,0,12,27,24,37,16,24,23,25,37,40,23,55,28,11,6,25,21,19,19,43,22,20,35,2,67,24,24,31,53,16,22,17,14,30,21,25,24,27,36,26,19,8,23,12,29,14,16,29,7,7,8,17,23,18,26,16,24,50,21,32,13,13,17,13,15,14,14,17,19,6,15,19,27,18,9,13,22,28,0,16,15,24,7,7,17,19,26,19,11,8,1,37,0,26,17,14,17,9,6,5,16,22,24,19,25,28,22,9,21,15,1,39,0,11,8,21,6,7,36,13,0,16,23,38,32,14,12,10,15,13,7,20,22,13,6,4,22,24,13,17,23,63,15,13,10,24,20,20,15,27,9,0,3,13,5,28,6,25,5,3,8,6,12,26,20,26,11,28,7,6,25,19,22,8,0,33,15,10,8,4,7,2,8,13,1,3,12,9,7,6,6,15,12,17,8,13,12,11,5,2,0,0,20,7,1,5,21,11,6,7,18,11,12,19,1,14,12,13,19,5,19,21,84,29,33,12,16,27,9,1,1,23,4,2,3,0,7,9,1,4,0,8,12,7,7,8,1,14,15,12,14,7,7,6,13,0,9,5,6,42,17,7,18,9,9,1,0,0,27,20,13,10,12,3,14,26,12,14,13,20,10,1,0,6,0,6,1,22,20,23,8,2,20,7,19,12,2,22,15,6,0,19,0,5,4,1,0,8,16,4,3,6,6,18,13,0,15,16,13,10,12,6,14,22,4,5,0,5,10,0,3,16,18,5,12,10,8,19,2,6,15,8,3,13,9,6,12,5,5,14,4,9,4,5,6,4,12,7,0,15,15,13,13,18,9,16,11,5,1,7,2,18,14,27,8,10,21,8,3,3,4,14,8,3,11,4,16,1,52,15,6,5,10,248,7,7,21,0,16,4,21,0,8,4,17,11,0,6,13,13,3,6,14,9,0,8,11,4,5,8,8,1,2,13,4,4,6,6,0,8,1,0,18,14,19,0,4,2,2,0,4,5,3,0,13,18,1,11,1,15,13,10,13,4,10,0,13,10,14,11,6,4,15,7,2,5,4,5,5,10,7,13,12,10,5,0,10,2,1,6,7,4,6,8,6,3,13,14,9,2,22,10,6,11,3,1,3,1,2,7,6,5,13,13,7,17,3,0,6,7,13,5,0,6,0,1,2,5,11,0,2,8,14,11,8,5,3,6,7,3,0,0,18,10,2,3,12,1,3,3,7,8,7,8,27,10,10,1,8,5,8,16,2,4,9,17,8,0,7,4,6,22,1,3,10,0,1,7,6,8,23,9,3,10,5,1,13,2,21,5,7,0,0,3,1,18,2,2,25,11,5,1,18,8,22,0,9,12,7,2,0,1,0,1,3,10,1,0,11,7,4,3,3,7,9,7,3,7,10,0,10,2,12,15,2,14,7,6,8,0,12,0,2,0,1,3,4,0,16,0,2,11,5,12,6,3,158,9,1,8,8,10,7,5,12,2,6,1,6,9,0,12,15,2,2,1,3,9,0,0,5,3,11,4,3,2,1,8,2,3,11,3,3,3,9,3,2,1,0,0,5,4,5,4,2,4,10,5,7,2,11,11,7,8,7,15,16,19,1,6,0,0,5,0,5,8,7,16,10,1,0,0,0,2,14,0,12,5,0,1,4,5,10,6,1,8,6,9,6,0,6,6,3,11,5,1,0,6,0,4,5,7,3,6,1,2,6,16,7,5,9,8,5,0,19,2,2,2,6,3,0,0,112,3,5,3,7,4,2,5,1,4,0,4,5,5,7,8,4,3,5,2,5,14,1,7,7,3,5,10,0,10,21,7,8,12,1,1,10,2,14,13,7
Genio y figura,4329,2988,1947,2748,1953,1504,1234,1219,1418,739,113,588,549,625,608,558,427,338,7,395,322,336,183,311,258,224,398,368,347,72,175,15,177,303,208,115,333,245,187,310,253,145,212,238,177,2,58,121,2,162,56,207,94,211,71,72,120,53,22,43,64,57,116,45,137,68,3,77,55,118,79,66,90,35,36,57,24,66,80,2,83,54,40,79,23,42,37,28,86,50,47,33,64,29,62,63,32,37,31,19,61,93,85,24,31,62,70,42,76,51,22,20,50,41,46,74,10,43,25,23,42,18,62,32,12,17,24,29,40,67,23,52,34,22,33,71,28,44,39,65,11,2,13,25,84,13,64,34,14,26,33,41,23,29,12,38,36,66,33,14,45,63,49,26,37,16,23,23,2,3,19,24,25,27,26,13,11,41,26,12,43,40,35,46,58,25,0,10,23,20,37,6,17,20,40,16,21,35,57,37,14,7,17,21,10,25,34,21,15,19,11,61,35,26,32,24,3,17,13,15,5,21,27,26,24,38,36,9,11,20,5,10,9,19,15,17,6,6,8,19,11,8,9,26,3,7,31,13,13,8,15,20,15,7,16,18,6,18,9,9,20,8,8,20,13,0,21,18,22,3,3,57,19,17,26,8,4,34,17,0,37,7,6,26,7,13,20,3,9,10,17,10,28,12,2,7,12,8,31,0,10,11,16,8,12,23,15,0,10,9,24,31,27,8,4,24,10,9,1,16,5,6,2,12,2,15,0,4,4,13,4,8,14,32,12,8,18,15,0,3,13,3,16,6,1,3,1,12,8,7,11,14,21,22,33,4,16,4,15,7,10,85,19,10,22,3,9,0,0,3,9,0,9,9,8,0,10,6,0,3,14,17,21,6,3,0,6,0,0,20,8,2,13,7,7,2,6,15,6,6,12,3,12,3,4,25,7,8,7,1,4,28,8,4,6,12,1,3,4,3,2,12,0,11,10,5,2,3,11,19,5,7,1,3,13,14,10,22,12,9,8,24,2,16,9,9,7,14,15,14,2,9,0,0,6,16,7,21,11,15,3,9,22,6,26,13,9,9,0,0,3,10,0,65,17,15,12,5,0,13,8,14,9,3,19,3,3,2,11,0,12,7,2,0,3,7,7,5,8,10,7,6,0,14,9,13,0,7,6,13,12,6,1,0,3,13,252,12,7,21,4,5,3,8,9,1,6,10,10,3,4,5,6,8,7,3,3,8,14,10,6,1,2,5,8,1,6,11,12,20,18,7,6,18,9,0,9,0,3,8,1,4,6,13,4,3,5,9,7,2,12,10,1,14,2,1,11,19,5,4,0,4,12,14,0,15,0,27,0,12,4,11,11,2,8,11,4,1,5,4,8,1,7,6,13,8,3,18,3,5,8,1,1,7,0,1,6,4,0,18,13,8,0,4,2,2,0,6,10,4,0,12,17,0,3,1,6,16,18,14,0,9,0,0,7,16,4,11,4,13,6,6,4,7,3,5,7,10,13,26,8,3,0,14,1,1,2,1,10,6,10,3,6,13,8,7,2,12,10,10,3,4,3,3,0,9,14,7,6,24,11,10,13,1,2,7,5,7,7,2,4,7,1,4,15,6,5,4,14,13,7,10,3,4,6,5,2,0,1,12,7,1,0,6,4,1,6,3,4,5,4,3,2,9,1,2,7,7,5,1,4,0,8,7,7,14,8,5,16,1,7,5,17,5,14,6,6,2,11,5,5,0,2,4,9,13,3,0,0,0,3,0,7,1,2,12,3,11,5,6,6,36,7,12,13,4,8,0,0,0,8,9,16,1,0,3,9,2,10,6,10,10,11,1,4,6,3,13,8,13,11,0,6,14,8,5,1,11,1,2,1,0,1,1,3,5,3,1,7,4,10,4,5,0,2,2,2,7,6,12,4,5,1,5,4,7,6,1,9,0,1,5,7,6,4,0,102,1,4,3,4,4,52,1,5,1,7,1,2,0,4,6,2,2,8,2,5,4,2,2,1,1,2,11,2,0,0,3,11,0,0,5,6,5,4,1,6,11,4,6,5,0,11,5,6,6,5,13,0,0,2,8,0,2,5,0,4,2,0,6,6,0,13,2,5,6,1,3,4,4,7,1,3,1,0,2,6,5,8,8,4,2,1,3,18,3,2,13,4,4,1,11,3,3,1,5,0,0,4,0,5,1,3,6,0,2,4,4,4,9,6,2,3,10,4,1,7,9,2,5,7,11,20,10,0,10,8,2,0,6,4,8,6,1,2,10,7,4,7,10
Juanita la Larga,5766,3672,2502,3580,2775,2247,1825,1444,1592,1166,498,1089,736,889,792,781,575,435,21,566,435,301,396,542,416,341,441,434,429,202,237,76,274,271,255,168,127,317,249,408,397,284,254,236,178,32,118,207,32,253,150,277,135,223,96,182,162,97,88,85,96,150,138,103,146,79,322,87,144,0,101,68,158,45,75,81,60,92,85,7,71,70,49,103,51,55,46,95,75,75,80,51,96,54,88,93,53,85,48,663,68,146,105,54,60,94,44,94,81,73,54,42,71,37,58,62,38,61,33,34,59,48,44,78,60,80,32,83,44,38,21,61,37,45,55,74,46,28,48,17,32,22,35,29,49,24,77,52,20,37,55,42,25,30,19,59,37,42,42,22,61,82,66,72,53,24,26,27,10,19,32,48,20,26,45,21,31,43,37,34,56,72,46,27,45,44,0,14,19,26,51,19,24,17,29,31,52,38,56,28,15,30,15,21,24,22,33,21,99,19,28,47,54,42,49,27,15,63,29,12,15,13,35,26,32,34,44,13,9,16,11,17,18,32,15,8,17,19,21,60,16,15,21,29,7,23,12,19,24,33,37,21,30,19,12,12,24,20,36,21,16,10,21,35,28,0,29,11,25,5,5,3,29,18,32,13,10,1,31,0,52,7,14,51,6,15,8,29,27,14,43,37,31,18,3,10,6,6,49,489,14,17,23,19,21,10,8,0,13,11,31,35,23,20,10,32,19,7,9,18,17,7,10,14,10,17,349,20,86,25,9,13,23,39,12,16,30,18,280,9,8,17,23,8,4,12,21,22,20,15,28,12,24,21,25,14,21,19,22,18,15,10,20,18,14,11,15,8,4,23,12,1,21,7,13,12,6,7,25,8,12,28,0,18,6,15,14,2,0,16,18,7,18,26,7,9,7,24,20,14,20,1,9,1,23,25,6,32,11,1,11,9,11,3,7,10,0,8,16,13,4,11,199,5,8,18,6,1,11,27,3,6,8,5,15,10,10,16,9,7,14,10,0,16,14,8,12,17,20,15,11,8,0,0,2,28,40,15,5,22,5,14,7,13,12,18,12,18,1,0,10,7,6,4,21,23,15,18,0,16,9,17,11,2,11,3,7,0,8,0,24,15,1,0,3,11,5,7,7,8,19,13,0,12,9,8,43,11,17,21,30,1,14,0,9,10,17,10,13,12,10,7,5,10,20,6,10,18,12,1,17,11,15,12,8,9,7,7,10,11,7,10,19,10,16,12,12,10,18,8,29,13,15,6,6,0,6,4,10,11,7,8,5,12,11,4,6,6,9,6,12,14,5,12,10,0,13,9,14,8,0,10,13,5,0,14,35,25,0,12,7,8,11,0,9,12,13,7,6,5,5,0,12,6,4,23,6,11,5,19,5,2,4,2,4,6,6,4,0,9,8,11,0,2,3,7,0,4,13,42,0,12,11,0,5,4,13,11,3,5,14,3,4,2,21,2,2,8,10,17,7,12,17,4,3,8,5,4,10,16,10,11,0,17,4,3,5,5,5,5,10,13,8,5,12,6,1,27,7,13,12,5,14,8,6,12,22,9,12,12,22,46,11,3,3,12,11,11,4,1,8,14,4,6,6,3,0,3,16,12,7,23,3,9,11,7,9,0,4,49,3,4,13,4,0,3,5,12,5,9,7,15,6,8,5,1,18,7,2,7,8,3,4,11,6,5,10,9,6,15,1,5,2,3,3,5,12,2,12,8,15,10,4,13,8,2,3,4,0,0,6,4,18,1,3,19,14,11,11,8,9,16,4,8,12,32,2,0,9,0,16,4,3,4,0,5,14,5,2,1,7,4,11,8,8,17,11,9,6,12,13,4,6,7,11,7,2,7,2,13,2,0,2,4,2,9,1,3,6,3,4,10,9,0,4,7,8,13,40,10,7,5,4,5,7,9,13,5,9,99,5,16,6,15,8,1,0,7,6,9,4,4,3,7,2,1,16,5,5,5,8,4,6,4,10,3,0,6,3,10,2,6,3,14,6,0,5,15,7,5,4,1,10,20,9,4,14,1,1,6,0,4,8,1,13,11,5,3,0,5,10,5,0,5,6,0,26,1,15,5,10,0,10,8,2,7,1,6,10,1,2,4,3,2,2,3,7,2,10,3,7,2,5,3,12,6,4,16,6,2,0,5,7,7,4,2,4,1,4,0,1,8,3,11,4,3,5,5,1,1,6,9,9,12,8,3,4,10,3,8,13,4,7,6,5,4,3,0,4,1,15,8,7,5,7,6,1,9,6,4
Morsamor,6323,4945,3057,4549,2889,2705,1846,2133,2220,990,414,1045,1254,859,875,957,687,405,1,416,715,206,210,464,450,252,535,480,440,92,237,37,241,223,233,166,186,305,368,427,387,261,305,247,235,7,0,204,7,201,131,136,133,233,120,77,132,41,67,58,116,15,132,130,189,67,46,92,100,8,150,62,57,70,82,118,23,117,76,0,39,71,67,117,67,58,83,89,104,68,99,39,90,74,169,73,40,51,47,45,97,142,119,35,81,92,105,165,89,104,46,32,64,11,64,47,21,75,36,32,60,18,78,39,42,99,56,39,58,75,33,74,51,16,45,105,29,83,34,58,32,12,33,14,78,42,111,63,13,35,32,71,51,59,36,43,50,52,42,17,60,81,155,55,48,12,40,25,0,6,52,36,25,34,39,40,12,82,44,18,51,5,39,42,64,45,0,12,23,20,57,20,27,21,49,23,35,50,107,86,14,34,30,32,16,61,36,16,6,3,12,49,56,15,38,30,8,19,23,13,3,37,48,20,35,46,25,12,2,15,4,19,13,49,25,9,7,21,6,30,22,29,17,49,0,22,48,22,34,33,27,66,36,32,43,36,19,11,20,3,84,13,9,10,25,0,19,27,26,9,9,47,17,45,15,5,6,1,21,0,38,8,22,29,4,8,14,33,19,21,18,20,29,43,1,6,42,6,39,0,17,24,36,22,14,48,23,479,19,30,30,35,37,17,5,34,12,10,3,18,23,38,1,16,3,9,0,14,17,4,22,13,42,36,4,37,36,34,1,11,9,9,17,8,3,7,2,30,0,12,9,55,27,36,24,9,12,8,20,29,17,0,29,13,28,17,14,6,1,16,21,0,16,19,34,7,17,8,33,7,23,36,4,11,10,0,5,0,0,31,11,5,16,24,10,1,13,7,17,4,11,0,9,0,2,12,13,16,4,0,8,19,55,9,11,18,0,95,30,11,32,21,0,20,17,4,17,4,9,8,4,15,2,3,26,33,12,32,8,14,11,11,2,12,13,15,4,21,32,17,8,10,0,0,0,25,11,44,12,33,2,11,33,11,23,8,39,27,1,0,4,9,5,38,35,28,4,35,0,16,9,10,8,7,18,11,3,1,15,0,18,18,6,0,9,13,9,3,10,12,11,5,0,29,23,10,6,20,11,17,24,60,21,0,19,10,0,15,16,24,4,11,4,6,24,2,3,13,29,4,8,13,31,23,8,4,7,9,14,13,9,14,3,8,6,0,10,6,25,10,40,30,5,13,19,12,22,4,7,11,9,18,20,22,5,4,0,4,14,12,15,40,4,9,1,0,7,9,6,20,0,4,4,21,0,14,13,15,0,26,12,7,3,0,12,14,21,7,13,50,15,1,22,18,14,8,8,18,8,3,6,0,2,30,4,1,12,10,1,9,24,3,0,5,2,9,0,11,14,1,0,13,14,0,7,2,12,18,7,17,3,17,0,187,12,10,38,7,6,9,12,4,1,7,3,5,4,10,15,33,2,5,0,3,5,1,7,3,11,2,29,2,3,12,9,8,0,15,9,13,7,4,4,0,1,3,32,6,7,28,42,21,12,6,15,10,2,5,20,0,17,8,8,8,2,5,1,5,7,9,15,9,2,12,6,11,30,207,152,0,20,11,5,8,1,5,9,11,12,9,13,0,3,22,3,3,1,20,2,4,6,26,13,5,12,24,5,4,17,0,3,8,41,5,8,4,25,1,10,0,10,4,3,7,4,37,6,6,0,0,9,1,7,1,8,30,13,13,3,24,14,5,0,42,15,5,6,0,3,0,15,3,7,9,0,24,11,9,15,10,7,13,10,10,2,10,7,3,6,12,17,10,5,16,21,10,2,10,6,2,3,0,7,0,1,13,8,0,4,7,2,10,1,0,0,1,4,7,6,5,4,12,1,6,3,4,12,1,15,2,0,29,13,12,6,0,0,1,8,16,1,0,9,2,3,0,7,2,6,6,4,15,34,4,8,0,2,11,3,6,0,8,8,10,2,0,8,1,19,1,10,2,9,20,3,11,13,1,0,5,13,1,7,6,6,6,12,1,0,0,4,9,0,8,24,0,6,12,2,4,16,9,14,3,8,8,5,2,16,6,9,3,4,18,0,4,24,3,10,4,8,2,22,1,9,10,12,18,7,3,3,0,6,2,16,11,1,0,9,0,4,0,2,6,2,9,10,2,1,128,5,10,6,15,14,5,7,13,2,2,9,23,11,10,3,5,4,4,3,23,2,3,11,9,8,9,6,3,8,8
Pasarse de listo,4268,2514,2173,1886,2017,1307,1284,1081,1170,1021,429,681,461,593,538,601,378,419,105,427,314,301,445,345,241,263,368,303,294,300,348,65,256,223,203,151,175,228,161,234,312,153,209,239,189,116,65,173,36,97,138,145,103,139,112,82,106,82,55,61,75,66,102,72,97,97,142,81,66,0,68,85,89,47,44,76,47,86,63,0,38,37,48,56,32,57,44,65,2,49,56,39,56,52,57,46,121,19,38,176,59,88,92,52,46,82,42,9,71,32,33,62,47,12,46,59,32,48,30,46,32,67,35,37,16,76,30,38,46,63,26,39,51,25,34,62,50,36,46,30,7,19,17,20,125,22,42,45,13,31,28,44,26,28,11,24,24,32,33,25,45,45,47,37,31,30,35,10,16,12,30,37,20,20,14,37,20,32,23,9,60,13,22,31,43,36,0,20,29,26,30,9,38,24,23,38,22,24,50,32,8,10,20,16,22,12,25,28,23,79,22,76,38,22,36,37,11,29,13,12,24,9,27,28,28,35,35,25,10,16,17,16,15,13,7,18,5,21,11,28,21,9,26,27,55,11,19,6,16,28,0,32,7,14,14,19,10,14,16,12,12,4,14,27,30,0,24,7,14,3,3,3,22,15,55,11,14,1,28,0,37,8,10,23,15,20,16,3,19,25,17,23,19,14,7,9,11,28,34,0,8,7,16,16,13,15,14,0,15,14,19,32,13,15,7,38,12,16,11,12,0,16,2,11,40,17,73,23,30,15,11,8,18,24,14,15,18,6,30,9,4,1,10,9,254,8,15,8,9,5,13,5,22,15,11,8,22,33,10,14,21,2,20,16,9,9,3,3,8,16,10,0,7,19,8,1,12,9,19,12,21,12,0,16,5,4,6,0,1,9,25,4,4,15,3,6,7,16,6,10,20,0,6,4,8,12,12,12,32,1,10,35,2,6,16,5,1,2,14,11,4,5,0,5,11,10,6,0,7,16,6,9,12,5,8,11,13,10,14,5,5,17,0,18,12,17,56,6,19,8,8,8,1,0,0,15,6,5,7,10,9,14,12,16,10,11,5,11,1,0,7,1,7,0,15,31,5,12,0,9,4,13,9,5,21,10,4,4,17,0,11,5,0,0,9,13,7,4,2,11,10,11,0,10,15,8,7,15,9,10,8,4,8,0,2,5,0,19,1,6,12,4,6,18,7,37,6,4,6,4,9,3,3,10,6,7,5,2,6,11,4,5,7,12,9,0,10,5,7,14,14,12,13,7,7,244,4,2,23,3,1,4,15,17,7,12,6,4,14,2,5,7,9,11,1,47,22,12,7,6,0,11,3,3,0,18,0,21,0,4,2,14,12,2,8,3,9,6,6,4,2,2,8,2,4,4,8,15,11,8,8,1,1,2,3,2,5,3,2,9,16,7,1,16,4,6,231,3,15,6,0,8,12,0,9,2,17,10,1,10,12,5,3,0,9,7,7,13,5,10,4,3,10,5,9,4,14,4,4,16,6,5,0,16,1,5,0,5,8,9,7,2,4,6,8,8,0,20,15,4,14,2,0,1,3,5,6,3,10,14,14,8,13,4,1,3,7,7,16,1,13,0,3,0,20,2,1,0,8,12,10,9,7,11,8,3,13,0,0,36,5,3,4,11,0,3,16,6,3,8,10,12,4,8,5,4,13,13,16,1,4,0,17,15,5,7,15,3,14,0,3,9,1,6,7,10,6,3,12,4,4,2,1,9,7,4,4,5,0,0,9,1,10,0,0,26,6,7,3,6,4,15,7,6,10,22,2,0,2,0,4,4,11,1,0,9,6,5,1,9,13,2,14,2,3,0,4,7,9,9,18,0,18,11,5,5,4,4,0,2,0,0,2,5,2,6,5,1,7,5,6,6,3,0,4,3,7,5,4,13,9,5,2,4,2,5,2,0,11,0,6,4,5,3,9,0,0,2,10,4,8,4,1,2,4,2,7,9,1,6,3,5,5,1,11,0,1,4,8,2,3,3,2,3,5,3,2,2,7,4,3,2,6,13,3,3,2,4,15,4,27,2,5,0,14,7,5,5,0,0,2,10,0,4,7,0,4,4,1,3,10,0,6,2,3,9,0,5,9,0,5,6,2,2,0,3,6,6,2,11,3,1,4,3,11,4,5,8,7,2,4,6,1,4,0,3,0,2,4,0,0,2,5,6,3,6,4,0,3,0,4,2,4,6,10,0,3,5,1,2,5,5,9,6,2,21,9,0,4,4,4,5,9,3,2,5,8,3,23,9
Pepita Jiménez,4919,3062,2241,2610,2153,1610,1465,1270,1310,958,337,701,539,742,554,521,480,484,25,411,357,580,509,272,328,335,348,313,360,194,345,115,280,314,214,180,468,130,196,171,189,162,193,216,236,11,31,172,11,87,74,139,126,127,214,91,104,71,61,61,128,67,130,71,120,74,10,84,56,233,94,73,35,44,22,65,43,62,137,0,108,48,91,43,172,111,50,24,54,63,34,81,81,57,66,55,71,39,44,40,75,98,107,32,52,71,72,223,44,33,51,42,32,17,52,37,15,55,63,73,30,35,39,37,65,52,35,50,59,98,41,50,54,29,30,49,38,30,54,83,18,23,31,38,166,11,34,36,37,41,35,19,17,48,30,34,27,51,53,33,41,53,13,37,15,45,40,25,21,14,35,45,40,17,24,33,6,32,18,27,23,13,26,24,56,40,0,31,6,33,28,17,28,24,21,22,11,36,29,27,16,17,16,41,30,16,28,29,27,13,16,59,33,14,46,51,15,33,19,43,29,21,26,47,30,25,27,10,24,13,20,15,23,17,23,28,18,18,25,21,6,22,23,26,3,12,54,9,34,11,10,20,14,14,9,16,11,39,11,14,23,12,24,12,20,0,21,19,14,3,3,11,11,31,23,16,4,0,16,0,27,17,16,21,4,16,15,10,23,9,10,22,20,5,21,20,19,26,19,0,17,8,7,18,12,20,13,0,11,9,17,24,23,13,3,18,13,23,12,16,17,6,3,12,22,28,0,19,58,21,12,11,12,31,25,18,20,13,0,11,15,8,15,7,59,7,18,12,18,13,11,10,26,12,13,9,5,20,6,23,31,235,19,14,14,16,12,10,5,11,10,7,9,8,14,11,7,7,14,12,11,15,3,4,6,1,2,0,370,12,15,5,17,13,9,14,4,16,15,9,18,8,12,1,20,22,8,5,21,1,0,9,14,6,9,16,1,6,17,5,11,11,0,6,12,13,6,251,7,12,24,9,7,20,11,10,8,16,13,9,6,5,0,9,16,6,17,8,11,5,10,13,2,0,0,17,16,9,9,11,9,16,30,7,7,5,10,23,1,0,6,5,1,23,17,26,3,1,1,7,8,9,15,5,17,11,11,5,16,0,3,5,2,0,3,9,6,5,5,10,5,13,0,7,13,11,1,15,11,9,25,4,14,0,18,13,0,7,10,18,7,15,1,5,7,2,10,26,13,1,5,9,3,11,3,2,9,5,14,7,2,12,14,9,10,0,12,6,8,10,13,12,16,4,6,2,6,5,9,17,11,13,22,25,5,9,2,3,6,7,5,7,3,2,0,0,8,8,5,9,0,8,3,5,0,14,7,10,0,8,15,13,6,0,10,5,14,7,4,12,14,4,4,15,13,12,5,9,2,6,10,6,9,11,2,0,9,4,1,27,10,7,5,8,1,4,0,14,22,8,230,11,10,0,14,0,6,9,5,4,5,7,0,0,12,6,11,5,5,17,6,4,3,2,5,3,16,3,15,21,1,7,0,11,1,0,3,8,6,9,8,3,4,8,9,8,1,4,3,2,9,5,11,4,0,3,7,8,4,11,11,7,15,9,3,3,6,14,9,2,9,0,2,4,2,9,0,4,12,3,12,3,3,2,7,20,7,0,0,12,7,4,3,8,10,7,8,8,13,10,11,3,6,17,0,3,10,6,1,2,6,1,14,2,8,6,12,10,15,4,10,16,3,7,9,7,10,4,15,1,13,4,1,11,2,11,2,2,0,0,6,0,6,4,2,22,6,14,3,10,6,10,13,7,3,5,4,0,0,0,6,7,5,1,0,1,11,5,1,2,4,7,9,8,7,9,7,8,4,11,9,3,9,8,4,3,2,1,1,4,1,1,0,5,1,17,4,1,16,6,5,2,2,0,5,9,9,18,2,6,5,8,2,7,9,8,25,1,5,0,6,7,5,9,2,0,0,3,13,2,4,6,3,2,8,0,1,15,4,0,1,6,5,1,7,0,1,5,2,9,5,17,2,3,3,0,3,4,5,3,6,2,7,9,1,5,2,1,2,1,3,3,4,3,7,5,4,1,1,1,5,8,0,5,5,0,2,4,4,4,10,0,12,13,4,5,0,8,15,0,3,5,2,1,0,0,2,18,8,3,3,3,8,2,24,9,2,9,6,3,1,4,1,7,12,0,9,2,4,0,2,2,3,2,11,6,4,1,2,0,7,5,3,6,9,2,2,4,9,1,7,3,6,7,1,6,5,0,4,16,7,3,7,3,1,5,2,12,5,6
